timestamp,timestamp_sample,q[0],q[1],q[2],q[3],delta_q_reset[0],delta_q_reset[1],delta_q_reset[2],delta_q_reset[3],quat_reset_counter
2468704000,2468704000,0.721,0.005,0.003,0.692,0.999,-4.656e-10,0.0,0.004,3
2468804000,2468804000,0.721,0.005,0.003,0.692,0.999,-4.656e-10,0.0,0.004,3
2468904000,2468900000,0.720,0.005,0.003,0.692,0.999,-4.656e-10,0.0,0.004,3
2469004000,2469004000,0.720,0.005,0.003,0.693,0.999,-4.656e-10,0.0,0.004,3
2469104000,2469104000,0.720,0.005,0.003,0.693,0.999,-4.656e-10,0.0,0.004,3
2469204000,2469204000,0.720,0.005,0.003,0.693,0.999,-4.656e-10,0.0,0.004,3
2469304000,2469304000,0.720,0.005,0.003,0.693,0.999,-4.656e-10,0.0,0.004,3
2469404000,2469404000,0.720,0.005,0.003,0.693,0.999,-4.656e-10,0.0,0.004,3
2469504000,2469504000,0.720,0.005,0.003,0.693,0.999,-4.656e-10,0.0,0.004,3
2469604000,2469604000,0.720,0.005,0.003,0.693,0.999,-4.656e-10,0.0,0.004,3
2469704000,2469704000,0.720,0.005,0.003,0.693,0.999,-4.656e-10,0.0,0.004,3
2469804000,2469804000,0.720,0.005,0.003,0.693,0.999,-4.656e-10,0.0,0.004,3
2469908000,2469908000,0.720,0.005,0.003,0.693,0.999,-4.656e-10,0.0,0.004,3
2470008000,2470008000,0.720,0.005,0.003,0.693,0.999,-4.656e-10,0.0,0.004,3
2470108000,2470108000,0.720,0.005,0.003,0.693,0.999,-4.656e-10,0.0,0.004,3
2470208000,2470208000,0.720,0.005,0.003,0.693,0.999,-4.656e-10,0.0,0.004,3
2470308000,2470308000,0.720,0.005,0.003,0.693,0.999,-4.656e-10,0.0,0.004,3
2470408000,2470408000,0.720,0.005,0.003,0.693,0.999,-4.656e-10,0.0,0.004,3
2470508000,2470508000,0.720,0.005,0.003,0.693,0.999,-4.656e-10,0.0,0.004,3
2470608000,2470608000,0.720,0.005,0.003,0.693,0.999,-4.656e-10,0.0,0.004,3
2470708000,2470708000,0.720,0.005,0.003,0.693,0.999,-4.656e-10,0.0,0.004,3
2470808000,2470808000,0.720,0.005,0.003,0.693,0.999,-4.656e-10,0.0,0.004,3
2470908000,2470908000,0.720,0.005,0.003,0.693,0.999,-4.656e-10,0.0,0.004,3
2471008000,2471004000,0.720,0.005,0.003,0.693,0.999,-4.656e-10,0.0,0.004,3
2471108000,2471108000,0.720,0.005,0.003,0.693,0.999,-4.656e-10,0.0,0.004,3
2471208000,2471208000,0.720,0.005,0.003,0.693,0.999,-4.656e-10,0.0,0.004,3
2471308000,2471308000,0.720,0.005,0.003,0.693,0.999,-4.656e-10,0.0,0.004,3
2471408000,2471408000,0.720,0.005,0.003,0.693,0.999,-4.656e-10,0.0,0.004,3
2471508000,2471508000,0.720,0.005,0.003,0.693,0.999,-4.656e-10,0.0,0.004,3
2471608000,2471608000,0.720,0.005,0.003,0.693,0.999,-4.656e-10,0.0,0.004,3
2471708000,2471708000,0.720,0.005,0.003,0.693,0.999,-4.656e-10,0.0,0.004,3
2471808000,2471808000,0.720,0.005,0.003,0.693,0.999,-4.656e-10,0.0,0.004,3
2471908000,2471908000,0.720,0.005,0.003,0.693,0.999,-4.656e-10,0.0,0.004,3
2472008000,2472008000,0.720,0.005,0.003,0.693,0.999,-4.656e-10,0.0,0.004,3
2472108000,2472108000,0.720,0.005,0.003,0.693,0.999,-4.656e-10,0.0,0.004,3
2472208000,2472204000,0.720,0.005,0.003,0.693,0.999,-4.656e-10,0.0,0.004,3
2472308000,2472308000,0.720,0.005,0.003,0.693,0.999,-4.656e-10,0.0,0.004,3
2472408000,2472408000,0.720,0.005,0.003,0.693,0.999,-4.656e-10,0.0,0.004,3
2472508000,2472508000,0.720,0.005,0.003,0.693,0.999,-4.656e-10,0.0,0.004,3
2472608000,2472608000,0.720,0.005,0.003,0.693,0.999,-4.656e-10,0.0,0.004,3
2472708000,2472708000,0.720,0.005,0.003,0.693,0.999,-4.656e-10,0.0,0.004,3
2472808000,2472808000,0.720,0.005,0.003,0.693,0.999,-4.656e-10,0.0,0.004,3
2472908000,2472908000,0.720,0.005,0.003,0.693,0.999,-4.656e-10,0.0,0.004,3
2473008000,2473008000,0.720,0.005,0.003,0.693,0.999,-4.656e-10,0.0,0.004,3
2473108000,2473108000,0.720,0.005,0.003,0.693,0.999,-4.656e-10,0.0,0.004,3
2473208000,2473208000,0.720,0.005,0.003,0.693,0.999,-4.656e-10,0.0,0.004,3
2473308000,2473308000,0.720,0.005,0.003,0.693,0.999,-4.656e-10,0.0,0.004,3
2473408000,2473408000,0.720,0.005,0.003,0.693,0.999,-4.656e-10,0.0,0.004,3
2473508000,2473508000,0.720,0.005,0.003,0.693,0.999,-4.656e-10,0.0,0.004,3
2473608000,2473608000,0.720,0.005,0.003,0.693,0.999,-4.656e-10,0.0,0.004,3
2473708000,2473708000,0.720,0.005,0.003,0.693,0.999,-4.656e-10,0.0,0.004,3
2473808000,2473808000,0.720,0.005,0.004,0.693,0.999,-4.656e-10,0.0,0.004,3
2473908000,2473904000,0.720,0.005,0.004,0.693,0.999,-4.656e-10,0.0,0.004,3
2474008000,2474008000,0.720,0.005,0.004,0.692,0.999,-4.656e-10,0.0,0.004,3
2474108000,2474108000,0.720,0.005,0.004,0.692,0.999,-4.656e-10,0.0,0.004,3
2474208000,2474208000,0.721,0.005,0.004,0.692,0.999,-4.656e-10,0.0,0.004,3
2474308000,2474308000,0.721,0.005,0.004,0.692,0.999,-4.656e-10,0.0,0.004,3
2474408000,2474408000,0.721,0.005,0.004,0.692,0.999,-4.656e-10,0.0,0.004,3
2474508000,2474508000,0.721,0.005,0.003,0.692,0.999,-4.656e-10,0.0,0.004,3
2474608000,2474608000,0.720,0.005,0.002,0.692,0.999,-4.656e-10,0.0,0.004,3
2474708000,2474708000,0.720,0.005,0.002,0.693,0.999,-4.656e-10,0.0,0.004,3
2474808000,2474808000,0.720,0.004,0.002,0.693,0.999,-4.656e-10,0.0,0.004,3
2474908000,2474908000,0.720,0.004,0.001,0.693,0.999,-4.656e-10,0.0,0.004,3
2475008000,2475008000,0.720,0.003,0.001,0.693,0.999,-4.656e-10,0.0,0.004,3
2475108000,2475108000,0.720,0.003,0.001,0.693,0.999,-4.656e-10,0.0,0.004,3
2475208000,2475208000,0.720,0.002,0.001,0.693,0.999,-4.656e-10,0.0,0.004,3
2475308000,2475308000,0.720,0.002,0.000,0.693,0.999,-4.656e-10,0.0,0.004,3
2475408000,2475408000,0.720,0.002,0.000,0.693,0.999,-4.656e-10,0.0,0.004,3
2475508000,2475508000,0.720,0.002,0.001,0.693,0.999,-4.656e-10,0.0,0.004,3
2475608000,2475608000,0.720,0.002,0.001,0.693,0.999,-4.656e-10,0.0,0.004,3
2475712000,2475708000,0.720,0.002,0.001,0.693,0.999,-4.656e-10,0.0,0.004,3
2475812000,2475812000,0.720,0.002,0.002,0.693,0.999,-4.656e-10,0.0,0.004,3
2475912000,2475912000,0.720,0.003,0.002,0.693,0.999,-4.656e-10,0.0,0.004,3
2476012000,2476012000,0.720,0.003,0.003,0.693,0.999,-4.656e-10,0.0,0.004,3
2476112000,2476112000,0.720,0.004,0.003,0.693,0.999,-4.656e-10,0.0,0.004,3
2476212000,2476212000,0.720,0.004,0.004,0.693,0.999,-4.656e-10,0.0,0.004,3
2476312000,2476312000,0.720,0.005,0.005,0.693,0.999,-4.656e-10,0.0,0.004,3
2476412000,2476412000,0.720,0.005,0.005,0.693,0.999,-4.656e-10,0.0,0.004,3
2476512000,2476512000,0.720,0.006,0.006,0.693,0.999,-4.656e-10,0.0,0.004,3
2476612000,2476612000,0.720,0.006,0.006,0.693,0.999,-4.656e-10,0.0,0.004,3
2476712000,2476712000,0.720,0.006,0.006,0.693,0.999,-4.656e-10,0.0,0.004,3
2476812000,2476812000,0.720,0.007,0.007,0.693,0.999,-4.656e-10,0.0,0.004,3
2476912000,2476912000,0.720,0.007,0.007,0.693,0.999,-4.656e-10,0.0,0.004,3
2477012000,2477012000,0.720,0.007,0.007,0.693,0.999,-4.656e-10,0.0,0.004,3
2477112000,2477112000,0.720,0.007,0.007,0.693,0.999,-4.656e-10,0.0,0.004,3
2477212000,2477212000,0.720,0.007,0.006,0.693,0.999,-4.656e-10,0.0,0.004,3
2477312000,2477312000,0.720,0.007,0.006,0.693,0.999,-4.656e-10,0.0,0.004,3
2477412000,2477412000,0.720,0.007,0.006,0.693,0.999,-4.656e-10,0.0,0.004,3
2477512000,2477512000,0.720,0.007,0.006,0.693,0.999,-4.656e-10,0.0,0.004,3
2477612000,2477612000,0.720,0.007,0.005,0.693,0.999,-4.656e-10,0.0,0.004,3
2477712000,2477712000,0.719,0.007,0.005,0.693,0.999,-4.656e-10,0.0,0.004,3
2477812000,2477812000,0.719,0.006,0.005,0.694,0.999,-4.656e-10,0.0,0.004,3
2477912000,2477912000,0.719,0.006,0.005,0.694,0.999,-4.656e-10,0.0,0.004,3
2478012000,2478012000,0.719,0.006,0.004,0.694,0.999,-4.656e-10,0.0,0.004,3
2478112000,2478112000,0.719,0.006,0.004,0.694,0.999,-4.656e-10,0.0,0.004,3
2478212000,2478212000,0.719,0.006,0.004,0.694,0.999,-4.656e-10,0.0,0.004,3
2478312000,2478312000,0.719,0.006,0.004,0.694,0.999,-4.656e-10,0.0,0.004,3
2478412000,2478412000,0.720,0.005,0.004,0.693,0.999,-4.656e-10,0.0,0.004,3
2478512000,2478512000,0.720,0.005,0.004,0.693,0.999,-4.656e-10,0.0,0.004,3
2478612000,2478612000,0.720,0.005,0.004,0.693,0.999,-4.656e-10,0.0,0.004,3
2478712000,2478712000,0.720,0.005,0.003,0.693,0.999,-4.656e-10,0.0,0.004,3
2478812000,2478812000,0.720,0.004,0.003,0.693,0.999,-4.656e-10,0.0,0.004,3
2478912000,2478912000,0.720,0.004,0.003,0.693,0.999,-4.656e-10,0.0,0.004,3
2479012000,2479012000,0.720,0.004,0.003,0.693,0.999,-4.656e-10,0.0,0.004,3
2479112000,2479112000,0.720,0.004,0.003,0.693,0.999,-4.656e-10,0.0,0.004,3
2479212000,2479212000,0.720,0.004,0.003,0.693,0.999,-4.656e-10,0.0,0.004,3
2479312000,2479312000,0.720,0.004,0.003,0.693,0.999,-4.656e-10,0.0,0.004,3
2479412000,2479412000,0.720,0.004,0.003,0.693,0.999,-4.656e-10,0.0,0.004,3
2479512000,2479512000,0.720,0.004,0.003,0.693,0.999,-4.656e-10,0.0,0.004,3
2479612000,2479612000,0.720,0.004,0.003,0.693,0.999,-4.656e-10,0.0,0.004,3
2479712000,2479712000,0.720,0.004,0.004,0.693,0.999,-4.656e-10,0.0,0.004,3
2479812000,2479812000,0.720,0.005,0.004,0.693,0.999,-4.656e-10,0.0,0.004,3
2479912000,2479912000,0.720,0.005,0.004,0.693,0.999,-4.656e-10,0.0,0.004,3
2480012000,2480008000,0.720,0.005,0.004,0.693,0.999,-4.656e-10,0.0,0.004,3
2480112000,2480112000,0.720,0.005,0.004,0.693,0.999,-4.656e-10,0.0,0.004,3
2480212000,2480212000,0.720,0.005,0.004,0.693,0.999,-4.656e-10,0.0,0.004,3
2480312000,2480312000,0.720,0.006,0.004,0.693,0.999,-4.656e-10,0.0,0.004,3
2480412000,2480412000,0.720,0.006,0.004,0.693,0.999,-4.656e-10,0.0,0.004,3
2480512000,2480512000,0.720,0.006,0.004,0.693,0.999,-4.656e-10,0.0,0.004,3
2480612000,2480612000,0.720,0.005,0.004,0.693,0.999,-4.656e-10,0.0,0.004,3
2480712000,2480712000,0.720,0.005,0.004,0.693,0.999,-4.656e-10,0.0,0.004,3
2480812000,2480812000,0.720,0.005,0.004,0.693,0.999,-4.656e-10,0.0,0.004,3
2480912000,2480912000,0.720,0.005,0.003,0.693,0.999,-4.656e-10,0.0,0.004,3
2481012000,2481012000,0.720,0.005,0.003,0.693,0.999,-4.656e-10,0.0,0.004,3
2481112000,2481112000,0.720,0.005,0.003,0.693,0.999,-4.656e-10,0.0,0.004,3
2481212000,2481212000,0.720,0.005,0.003,0.693,0.999,-4.656e-10,0.0,0.004,3
2481312000,2481312000,0.720,0.004,0.003,0.693,0.999,-4.656e-10,0.0,0.004,3
2481412000,2481412000,0.720,0.004,0.003,0.693,0.999,-4.656e-10,0.0,0.004,3
2481512000,2481512000,0.720,0.004,0.003,0.693,0.999,-4.656e-10,0.0,0.004,3
2481612000,2481612000,0.720,0.004,0.002,0.693,0.999,-4.656e-10,0.0,0.004,3
2481712000,2481712000,0.720,0.004,0.002,0.693,0.999,-4.656e-10,0.0,0.004,3
2481812000,2481812000,0.720,0.004,0.002,0.693,0.999,-4.656e-10,0.0,0.004,3
2481912000,2481912000,0.720,0.004,0.002,0.693,0.999,-4.656e-10,0.0,0.004,3
2482012000,2482012000,0.720,0.004,0.002,0.693,0.999,-4.656e-10,0.0,0.004,3
2482112000,2482112000,0.720,0.004,0.002,0.693,0.999,-4.656e-10,0.0,0.004,3
2482212000,2482212000,0.720,0.004,0.003,0.693,0.999,-4.656e-10,0.0,0.004,3
2482312000,2482312000,0.720,0.004,0.003,0.693,0.999,-4.656e-10,0.0,0.004,3
2482412000,2482412000,0.720,0.004,0.003,0.693,0.999,-4.656e-10,0.0,0.004,3
2482512000,2482512000,0.720,0.004,0.003,0.693,0.999,-4.656e-10,0.0,0.004,3
2482612000,2482612000,0.719,0.004,0.003,0.693,0.999,-4.656e-10,0.0,0.004,3
2482712000,2482712000,0.719,0.004,0.004,0.693,0.999,-4.656e-10,0.0,0.004,3
2482812000,2482812000,0.719,0.004,0.004,0.693,0.999,-4.656e-10,0.0,0.004,3
2482912000,2482912000,0.720,0.005,0.004,0.693,0.999,-4.656e-10,0.0,0.004,3
2483012000,2483012000,0.720,0.005,0.004,0.693,0.999,-4.656e-10,0.0,0.004,3
2483112000,2483112000,0.720,0.005,0.004,0.693,0.999,-4.656e-10,0.0,0.004,3
2483212000,2483212000,0.720,0.005,0.004,0.693,0.999,-4.656e-10,0.0,0.004,3
2483312000,2483312000,0.720,0.005,0.005,0.693,0.999,-4.656e-10,0.0,0.004,3
2483412000,2483412000,0.720,0.005,0.005,0.693,0.999,-4.656e-10,0.0,0.004,3
2483512000,2483512000,0.720,0.005,0.005,0.693,0.999,-4.656e-10,0.0,0.004,3
2483612000,2483612000,0.720,0.005,0.005,0.693,0.999,-4.656e-10,0.0,0.004,3
2483712000,2483712000,0.720,0.005,0.005,0.693,0.999,-4.656e-10,0.0,0.004,3
2483812000,2483812000,0.720,0.005,0.005,0.693,0.999,-4.656e-10,0.0,0.004,3
2483912000,2483912000,0.720,0.005,0.005,0.693,0.999,-4.656e-10,0.0,0.004,3
2484012000,2484012000,0.720,0.005,0.005,0.693,0.999,-4.656e-10,0.0,0.004,3
2484112000,2484112000,0.720,0.005,0.005,0.693,0.999,-4.656e-10,0.0,0.004,3
2484212000,2484212000,0.720,0.004,0.005,0.693,0.999,-4.656e-10,0.0,0.004,3
2484312000,2484312000,0.720,0.004,0.005,0.693,0.999,-4.656e-10,0.0,0.004,3
2484412000,2484412000,0.720,0.004,0.005,0.693,0.999,-4.656e-10,0.0,0.004,3
2484512000,2484512000,0.720,0.004,0.005,0.693,0.999,-4.656e-10,0.0,0.004,3
2484612000,2484612000,0.720,0.004,0.005,0.693,0.999,-4.656e-10,0.0,0.004,3
2484712000,2484712000,0.720,0.004,0.005,0.693,0.999,-4.656e-10,0.0,0.004,3
2484812000,2484812000,0.720,0.004,0.005,0.693,0.999,-4.656e-10,0.0,0.004,3
2484912000,2484912000,0.720,0.004,0.004,0.693,0.999,-4.656e-10,0.0,0.004,3
2485012000,2485012000,0.720,0.003,0.004,0.693,0.999,-4.656e-10,0.0,0.004,3
2485112000,2485112000,0.720,0.003,0.004,0.693,0.999,-4.656e-10,0.0,0.004,3
2485212000,2485212000,0.720,0.004,0.004,0.693,0.999,-4.656e-10,0.0,0.004,3
2485312000,2485312000,0.720,0.004,0.004,0.693,0.999,-4.656e-10,0.0,0.004,3
2485412000,2485412000,0.720,0.004,0.004,0.693,0.999,-4.656e-10,0.0,0.004,3
2485512000,2485512000,0.720,0.004,0.004,0.693,0.999,-4.656e-10,0.0,0.004,3
2485612000,2485612000,0.720,0.004,0.004,0.693,0.999,-4.656e-10,0.0,0.004,3
2485712000,2485712000,0.720,0.004,0.004,0.693,0.999,-4.656e-10,0.0,0.004,3
2485812000,2485812000,0.720,0.004,0.004,0.693,0.999,-4.656e-10,0.0,0.004,3
2485912000,2485912000,0.720,0.004,0.004,0.693,0.999,-4.656e-10,0.0,0.004,3
2486012000,2486012000,0.720,0.004,0.004,0.693,0.999,-4.656e-10,0.0,0.004,3
2486112000,2486112000,0.720,0.004,0.004,0.693,0.999,-4.656e-10,0.0,0.004,3
2486212000,2486212000,0.720,0.004,0.004,0.693,0.999,-4.656e-10,0.0,0.004,3
2486312000,2486312000,0.720,0.004,0.004,0.693,0.999,-4.656e-10,0.0,0.004,3
2486412000,2486412000,0.720,0.004,0.003,0.693,0.999,-4.656e-10,0.0,0.004,3
2486512000,2486512000,0.720,0.004,0.003,0.693,0.999,-4.656e-10,0.0,0.004,3
2486612000,2486612000,0.720,0.004,0.003,0.693,0.999,-4.656e-10,0.0,0.004,3
2486712000,2486712000,0.720,0.005,0.003,0.693,0.999,-4.656e-10,0.0,0.004,3
2486812000,2486812000,0.720,0.005,0.003,0.693,0.999,-4.656e-10,0.0,0.004,3
2486912000,2486912000,0.720,0.005,0.003,0.693,0.999,-4.656e-10,0.0,0.004,3
2487012000,2487012000,0.720,0.005,0.003,0.693,0.999,-4.656e-10,0.0,0.004,3
2487112000,2487112000,0.720,0.005,0.003,0.693,0.999,-4.656e-10,0.0,0.004,3
2487212000,2487212000,0.720,0.005,0.003,0.693,0.999,-4.656e-10,0.0,0.004,3
2487312000,2487312000,0.720,0.005,0.003,0.693,0.999,-4.656e-10,0.0,0.004,3
2487412000,2487408000,0.720,0.005,0.003,0.693,0.999,-4.656e-10,0.0,0.004,3
2487512000,2487508000,0.720,0.005,0.003,0.693,0.999,-4.656e-10,0.0,0.004,3
2487612000,2487608000,0.720,0.005,0.003,0.693,0.999,-4.656e-10,0.0,0.004,3
2487712000,2487708000,0.720,0.005,0.003,0.693,0.999,-4.656e-10,0.0,0.004,3
2487812000,2487808000,0.720,0.005,0.003,0.693,0.999,-4.656e-10,0.0,0.004,3
2487912000,2487908000,0.720,0.005,0.003,0.693,0.999,-4.656e-10,0.0,0.004,3
2488012000,2488008000,0.720,0.005,0.003,0.693,0.999,-4.656e-10,0.0,0.004,3
2488112000,2488108000,0.720,0.005,0.003,0.693,0.999,-4.656e-10,0.0,0.004,3
2488212000,2488208000,0.720,0.006,0.003,0.693,0.999,-4.656e-10,0.0,0.004,3
2488312000,2488308000,0.720,0.006,0.003,0.693,0.999,-4.656e-10,0.0,0.004,3
2488412000,2488408000,0.720,0.006,0.004,0.693,0.999,-4.656e-10,0.0,0.004,3
2488512000,2488508000,0.720,0.006,0.004,0.693,0.999,-4.656e-10,0.0,0.004,3
2488612000,2488608000,0.720,0.006,0.004,0.693,0.999,-4.656e-10,0.0,0.004,3
2488712000,2488708000,0.719,0.006,0.004,0.693,0.999,-4.656e-10,0.0,0.004,3
2488812000,2488808000,0.719,0.006,0.004,0.694,0.999,-4.656e-10,0.0,0.004,3
2488912000,2488908000,0.719,0.006,0.004,0.694,0.999,-4.656e-10,0.0,0.004,3
2489012000,2489008000,0.719,0.006,0.004,0.694,0.999,-4.656e-10,0.0,0.004,3
2489112000,2489108000,0.719,0.005,0.004,0.694,0.999,-4.656e-10,0.0,0.004,3
2489212000,2489208000,0.719,0.005,0.004,0.694,0.999,-4.656e-10,0.0,0.004,3
2489312000,2489308000,0.719,0.005,0.004,0.694,0.999,-4.656e-10,0.0,0.004,3
2489412000,2489408000,0.719,0.005,0.004,0.693,0.999,-4.656e-10,0.0,0.004,3
2489512000,2489508000,0.720,0.004,0.003,0.693,0.999,-4.656e-10,0.0,0.004,3
2489612000,2489608000,0.720,0.004,0.003,0.693,0.999,-4.656e-10,0.0,0.004,3
2489712000,2489708000,0.720,0.004,0.003,0.693,0.999,-4.656e-10,0.0,0.004,3
2489812000,2489808000,0.720,0.004,0.003,0.693,0.999,-4.656e-10,0.0,0.004,3
2489912000,2489908000,0.720,0.003,0.003,0.693,0.999,-4.656e-10,0.0,0.004,3
2490012000,2490008000,0.720,0.003,0.002,0.693,0.999,-4.656e-10,0.0,0.004,3
2490112000,2490108000,0.720,0.003,0.002,0.693,0.999,-4.656e-10,0.0,0.004,3
2490212000,2490208000,0.720,0.003,0.002,0.693,0.999,-4.656e-10,0.0,0.004,3
2490312000,2490308000,0.720,0.003,0.002,0.693,0.999,-4.656e-10,0.0,0.004,3
2490412000,2490408000,0.720,0.003,0.002,0.693,0.999,-4.656e-10,0.0,0.004,3
2490512000,2490508000,0.720,0.003,0.002,0.693,0.999,-4.656e-10,0.0,0.004,3
2490612000,2490608000,0.720,0.003,0.002,0.693,0.999,-4.656e-10,0.0,0.004,3
2490712000,2490708000,0.720,0.003,0.002,0.693,0.999,-4.656e-10,0.0,0.004,3
2490812000,2490808000,0.720,0.003,0.003,0.693,0.999,-4.656e-10,0.0,0.004,3
2490912000,2490908000,0.720,0.003,0.003,0.693,0.999,-4.656e-10,0.0,0.004,3
2491012000,2491008000,0.720,0.003,0.003,0.693,0.999,-4.656e-10,0.0,0.004,3
2491112000,2491108000,0.720,0.003,0.003,0.693,0.999,-4.656e-10,0.0,0.004,3
2491212000,2491208000,0.720,0.003,0.003,0.693,0.999,-4.656e-10,0.0,0.004,3
2491312000,2491308000,0.720,0.003,0.003,0.693,0.999,-4.656e-10,0.0,0.004,3
2491412000,2491408000,0.720,0.003,0.003,0.693,0.999,-4.656e-10,0.0,0.004,3
2491512000,2491508000,0.720,0.003,0.003,0.693,0.999,-4.656e-10,0.0,0.004,3
2491612000,2491608000,0.720,0.003,0.003,0.693,0.999,-4.656e-10,0.0,0.004,3
2491712000,2491708000,0.720,0.004,0.003,0.693,0.999,-4.656e-10,0.0,0.004,3
2491812000,2491808000,0.720,0.004,0.003,0.693,0.999,-4.656e-10,0.0,0.004,3
2491912000,2491908000,0.720,0.004,0.003,0.693,0.999,-4.656e-10,0.0,0.004,3
2492012000,2492008000,0.720,0.004,0.002,0.693,0.999,-4.656e-10,0.0,0.004,3
2492112000,2492108000,0.720,0.004,0.002,0.693,0.999,-4.656e-10,0.0,0.004,3
2492212000,2492208000,0.720,0.004,0.002,0.693,0.999,-4.656e-10,0.0,0.004,3
2492312000,2492308000,0.720,0.004,0.002,0.693,0.999,-4.656e-10,0.0,0.004,3
2492412000,2492408000,0.720,0.004,0.002,0.693,0.999,-4.656e-10,0.0,0.004,3
2492512000,2492508000,0.720,0.004,0.002,0.693,0.999,-4.656e-10,0.0,0.004,3
2492612000,2492608000,0.720,0.004,0.002,0.693,0.999,-4.656e-10,0.0,0.004,3
2492712000,2492708000,0.720,0.004,0.002,0.693,0.999,-4.656e-10,0.0,0.004,3
2492812000,2492808000,0.720,0.004,0.002,0.693,0.999,-4.656e-10,0.0,0.004,3
2492912000,2492908000,0.720,0.004,0.002,0.693,0.999,-4.656e-10,0.0,0.004,3
2493012000,2493008000,0.720,0.004,0.002,0.693,0.999,-4.656e-10,0.0,0.004,3
2493112000,2493108000,0.720,0.004,0.002,0.693,0.999,-4.656e-10,0.0,0.004,3
2493212000,2493208000,0.720,0.004,0.002,0.693,0.999,-4.656e-10,0.0,0.004,3
2493312000,2493308000,0.720,0.004,0.002,0.693,0.999,-4.656e-10,0.0,0.004,3
2493412000,2493408000,0.720,0.004,0.002,0.693,0.999,-4.656e-10,0.0,0.004,3
2493512000,2493508000,0.720,0.004,0.002,0.693,0.999,-4.656e-10,0.0,0.004,3
2493612000,2493608000,0.720,0.004,0.002,0.693,0.999,-4.656e-10,0.0,0.004,3
2493712000,2493708000,0.720,0.004,0.002,0.693,0.999,-4.656e-10,0.0,0.004,3
2493812000,2493808000,0.720,0.004,0.002,0.693,0.999,-4.656e-10,0.0,0.004,3
2493912000,2493908000,0.720,0.004,0.002,0.693,0.999,-4.656e-10,0.0,0.004,3
2494012000,2494008000,0.720,0.004,0.002,0.693,0.999,-4.656e-10,0.0,0.004,3
2494112000,2494108000,0.720,0.004,0.002,0.693,0.999,-4.656e-10,0.0,0.004,3
2494212000,2494208000,0.720,0.004,0.002,0.693,0.999,-4.656e-10,0.0,0.004,3
2494312000,2494308000,0.720,0.004,0.002,0.693,0.999,-4.656e-10,0.0,0.004,3
2494412000,2494408000,0.720,0.003,0.001,0.693,0.999,-4.656e-10,0.0,0.004,3
2494512000,2494508000,0.720,0.003,0.001,0.693,0.999,-4.656e-10,0.0,0.004,3
2494612000,2494608000,0.720,0.003,0.001,0.693,0.999,-4.656e-10,0.0,0.004,3
2494712000,2494708000,0.720,0.002,0.000,0.693,0.999,-4.656e-10,0.0,0.004,3
2494812000,2494808000,0.720,0.002,0.000,0.693,0.999,-4.656e-10,0.0,0.004,3
2494912000,2494908000,0.720,0.002,-2.747e-05,0.693,0.999,-4.656e-10,0.0,0.004,3
2495012000,2495008000,0.720,0.001,-0.000,0.693,0.999,-4.656e-10,0.0,0.004,3
2495112000,2495108000,0.720,0.001,-0.000,0.693,0.999,-4.656e-10,0.0,0.004,3
2495212000,2495208000,0.720,0.001,-0.000,0.693,0.999,-4.656e-10,0.0,0.004,3
2495312000,2495304000,0.720,0.000,-0.001,0.693,0.999,-4.656e-10,0.0,0.004,3
2495412000,2495408000,0.720,0.000,-0.001,0.693,0.999,-4.656e-10,0.0,0.004,3
2495516000,2495508000,0.720,0.000,-0.001,0.693,0.999,-4.656e-10,0.0,0.004,3
2495616000,2495612000,0.720,0.000,-0.001,0.693,0.999,-4.656e-10,0.0,0.004,3
2495716000,2495712000,0.720,0.000,-0.001,0.693,0.999,-4.656e-10,0.0,0.004,3
2495816000,2495812000,0.720,0.000,-0.001,0.693,0.999,-4.656e-10,0.0,0.004,3
2495916000,2495912000,0.720,0.000,-0.001,0.693,0.999,-4.656e-10,0.0,0.004,3
2496016000,2496012000,0.720,0.000,-0.001,0.693,0.999,-4.656e-10,0.0,0.004,3
2496116000,2496112000,0.720,0.000,-0.001,0.693,0.999,-4.656e-10,0.0,0.004,3
2496216000,2496212000,0.720,0.000,-0.001,0.693,0.999,-4.656e-10,0.0,0.004,3
2496316000,2496312000,0.720,0.000,-0.001,0.693,0.999,-4.656e-10,0.0,0.004,3
2496416000,2496412000,0.720,0.000,-0.001,0.693,0.999,-4.656e-10,0.0,0.004,3
2496516000,2496512000,0.720,0.000,-0.001,0.693,0.999,-4.656e-10,0.0,0.004,3
2496616000,2496612000,0.720,0.000,-0.001,0.693,0.999,-4.656e-10,0.0,0.004,3
2496716000,2496712000,0.720,0.000,-0.000,0.693,0.999,-4.656e-10,0.0,0.004,3
2496816000,2496812000,0.720,0.001,-0.000,0.693,0.999,-4.656e-10,0.0,0.004,3
2496916000,2496912000,0.720,0.001,-0.000,0.692,0.999,-4.656e-10,0.0,0.004,3
2497016000,2497012000,0.720,0.001,-0.000,0.692,0.999,-4.656e-10,0.0,0.004,3
2497116000,2497112000,0.720,0.001,-0.000,0.693,0.999,-4.656e-10,0.0,0.004,3
2497216000,2497212000,0.720,0.001,-0.000,0.693,0.999,-4.656e-10,0.0,0.004,3
2497316000,2497312000,0.720,0.004,0.002,0.693,0.999,-4.656e-10,0.0,0.004,3
2497416000,2497412000,0.720,0.011,0.008,0.693,0.999,-4.656e-10,0.0,0.004,3
2497516000,2497512000,0.719,0.023,0.021,0.693,0.999,-4.656e-10,0.0,0.004,3
2497616000,2497612000,0.718,0.041,0.037,0.692,0.999,-4.656e-10,0.0,0.004,3
2497716000,2497712000,0.717,0.059,0.056,0.691,0.999,-4.656e-10,0.0,0.004,3
2497816000,2497812000,0.715,0.079,0.074,0.690,0.999,-4.656e-10,0.0,0.004,3
2497916000,2497912000,0.713,0.097,0.092,0.687,0.999,-4.656e-10,0.0,0.004,3
2498016000,2498012000,0.711,0.114,0.108,0.684,0.999,-4.656e-10,0.0,0.004,3
2498116000,2498112000,0.710,0.128,0.122,0.680,0.999,-4.656e-10,0.0,0.004,3
2498216000,2498212000,0.711,0.141,0.133,0.675,0.999,-4.656e-10,0.0,0.004,3
2498316000,2498312000,0.715,0.151,0.142,0.667,0.999,-4.656e-10,0.0,0.004,3
2498416000,2498412000,0.723,0.160,0.147,0.655,0.999,-4.656e-10,0.0,0.004,3
2498516000,2498512000,0.732,0.168,0.149,0.642,0.999,-4.656e-10,0.0,0.004,3
2498616000,2498612000,0.739,0.174,0.149,0.632,0.999,-4.656e-10,0.0,0.004,3
2498716000,2498712000,0.741,0.177,0.150,0.629,0.999,-4.656e-10,0.0,0.004,3
2498816000,2498812000,0.739,0.178,0.150,0.631,0.999,-4.656e-10,0.0,0.004,3
2498916000,2498912000,0.735,0.177,0.151,0.636,0.999,-4.656e-10,0.0,0.004,3
2499016000,2499012000,0.732,0.175,0.151,0.640,0.999,-4.656e-10,0.0,0.004,3
2499116000,2499112000,0.730,0.173,0.151,0.642,0.999,-4.656e-10,0.0,0.004,3
2499216000,2499212000,0.730,0.172,0.150,0.643,0.999,-4.656e-10,0.0,0.004,3
2499316000,2499312000,0.731,0.168,0.147,0.644,0.999,-4.656e-10,0.0,0.004,3
2499416000,2499412000,0.733,0.158,0.137,0.646,0.999,-4.656e-10,0.0,0.004,3
2499516000,2499512000,0.736,0.141,0.123,0.649,0.999,-4.656e-10,0.0,0.004,3
2499616000,2499612000,0.739,0.121,0.105,0.653,0.999,-4.656e-10,0.0,0.004,3
2499716000,2499712000,0.742,0.100,0.087,0.656,0.999,-4.656e-10,0.0,0.004,3
2499816000,2499812000,0.744,0.079,0.068,0.659,0.999,-4.656e-10,0.0,0.004,3
2499916000,2499912000,0.745,0.059,0.051,0.661,0.999,-4.656e-10,0.0,0.004,3
2500016000,2500012000,0.746,0.041,0.035,0.663,0.999,-4.656e-10,0.0,0.004,3
2500116000,2500112000,0.746,0.026,0.021,0.664,0.999,-4.656e-10,0.0,0.004,3
2500216000,2500212000,0.747,0.014,0.010,0.664,0.999,-4.656e-10,0.0,0.004,3
2500316000,2500312000,0.747,0.004,0.001,0.664,0.999,-4.656e-10,0.0,0.004,3
2500416000,2500412000,0.747,-0.003,-0.004,0.664,0.999,-4.656e-10,0.0,0.004,3
2500516000,2500512000,0.747,-0.008,-0.009,0.664,0.999,-4.656e-10,0.0,0.004,3
2500616000,2500612000,0.747,-0.012,-0.012,0.664,0.999,-4.656e-10,0.0,0.004,3
2500716000,2500712000,0.747,-0.014,-0.014,0.664,0.999,-4.656e-10,0.0,0.004,3
2500816000,2500812000,0.747,-0.015,-0.015,0.663,0.999,-4.656e-10,0.0,0.004,3
2500916000,2500912000,0.747,-0.018,-0.017,0.663,0.999,-4.656e-10,0.0,0.004,3
2501016000,2501012000,0.747,-0.028,-0.026,0.662,0.999,-4.656e-10,0.0,0.004,3
2501116000,2501112000,0.747,-0.043,-0.039,0.661,0.999,-4.656e-10,0.0,0.004,3
2501216000,2501212000,0.746,-0.061,-0.055,0.660,0.999,-4.656e-10,0.0,0.004,3
2501316000,2501312000,0.744,-0.079,-0.071,0.659,0.999,-4.656e-10,0.0,0.004,3
2501416000,2501412000,0.742,-0.097,-0.087,0.657,0.999,-4.656e-10,0.0,0.004,3
2501516000,2501512000,0.739,-0.114,-0.102,0.654,0.999,-4.656e-10,0.0,0.004,3
2501616000,2501612000,0.737,-0.129,-0.115,0.652,0.999,-4.656e-10,0.0,0.004,3
2501716000,2501712000,0.735,-0.141,-0.126,0.650,0.999,-4.656e-10,0.0,0.004,3
2501816000,2501812000,0.733,-0.152,-0.135,0.648,0.999,-4.656e-10,0.0,0.004,3
2501916000,2501912000,0.731,-0.160,-0.142,0.647,0.999,-4.656e-10,0.0,0.004,3
2502016000,2502012000,0.730,-0.165,-0.147,0.646,0.999,-4.656e-10,0.0,0.004,3
2502116000,2502112000,0.729,-0.169,-0.151,0.645,0.999,-4.656e-10,0.0,0.004,3
2502216000,2502212000,0.728,-0.172,-0.153,0.645,0.999,-4.656e-10,0.0,0.004,3
2502316000,2502312000,0.728,-0.173,-0.154,0.644,0.999,-4.656e-10,0.0,0.004,3
2502416000,2502412000,0.728,-0.173,-0.154,0.644,0.999,-4.656e-10,0.0,0.004,3
2502516000,2502512000,0.728,-0.172,-0.154,0.645,0.999,-4.656e-10,0.0,0.004,3
2502616000,2502612000,0.728,-0.171,-0.153,0.645,0.999,-4.656e-10,0.0,0.004,3
2502716000,2502712000,0.728,-0.165,-0.152,0.646,0.999,-4.656e-10,0.0,0.004,3
2502816000,2502812000,0.731,-0.154,-0.141,0.648,0.999,-4.656e-10,0.0,0.004,3
2502916000,2502912000,0.735,-0.137,-0.125,0.651,0.999,-4.656e-10,0.0,0.004,3
2503016000,2503012000,0.738,-0.117,-0.107,0.654,0.999,-4.656e-10,0.0,0.004,3
2503116000,2503112000,0.741,-0.095,-0.088,0.657,0.999,-4.656e-10,0.0,0.004,3
2503216000,2503212000,0.744,-0.075,-0.069,0.659,0.999,-4.656e-10,0.0,0.004,3
2503316000,2503312000,0.746,-0.055,-0.051,0.661,0.999,-4.656e-10,0.0,0.004,3
2503416000,2503412000,0.747,-0.038,-0.036,0.662,0.999,-4.656e-10,0.0,0.004,3
2503516000,2503512000,0.748,-0.023,-0.022,0.662,0.999,-4.656e-10,0.0,0.004,3
2503616000,2503612000,0.748,-0.011,-0.012,0.662,0.999,-4.656e-10,0.0,0.004,3
2503716000,2503712000,0.748,-0.001,-0.003,0.662,0.999,-4.656e-10,0.0,0.004,3
2503816000,2503812000,0.748,0.005,0.002,0.662,0.999,-4.656e-10,0.0,0.004,3
2503916000,2503912000,0.748,0.010,0.007,0.662,0.999,-4.656e-10,0.0,0.004,3
2504016000,2504012000,0.748,0.013,0.010,0.662,0.999,-4.656e-10,0.0,0.004,3
2504116000,2504112000,0.749,0.015,0.011,0.662,0.999,-4.656e-10,0.0,0.004,3
2504216000,2504212000,0.748,0.017,0.013,0.662,0.999,-4.656e-10,0.0,0.004,3
2504316000,2504312000,0.748,0.024,0.019,0.662,0.999,-4.656e-10,0.0,0.004,3
2504416000,2504412000,0.747,0.038,0.031,0.661,0.999,-4.656e-10,0.0,0.004,3
2504516000,2504512000,0.746,0.055,0.046,0.661,0.999,-4.656e-10,0.0,0.004,3
2504616000,2504612000,0.745,0.073,0.063,0.659,0.999,-4.656e-10,0.0,0.004,3
2504716000,2504712000,0.743,0.092,0.079,0.657,0.999,-4.656e-10,0.0,0.004,3
2504816000,2504812000,0.740,0.109,0.094,0.655,0.999,-4.656e-10,0.0,0.004,3
2504916000,2504912000,0.738,0.125,0.108,0.653,0.999,-4.656e-10,0.0,0.004,3
2505016000,2505012000,0.735,0.139,0.121,0.651,0.999,-4.656e-10,0.0,0.004,3
2505116000,2505112000,0.733,0.150,0.131,0.649,0.999,-4.656e-10,0.0,0.004,3
2505216000,2505212000,0.731,0.159,0.138,0.647,0.999,-4.656e-10,0.0,0.004,3
2505316000,2505312000,0.730,0.165,0.144,0.646,0.999,-4.656e-10,0.0,0.004,3
2505416000,2505412000,0.729,0.170,0.149,0.645,0.999,-4.656e-10,0.0,0.004,3
2505516000,2505512000,0.728,0.173,0.151,0.644,0.999,-4.656e-10,0.0,0.004,3
2505616000,2505612000,0.728,0.174,0.152,0.644,0.999,-4.656e-10,0.0,0.004,3
2505716000,2505708000,0.728,0.175,0.153,0.644,0.999,-4.656e-10,0.0,0.004,3
2505816000,2505812000,0.728,0.175,0.152,0.644,0.999,-4.656e-10,0.0,0.004,3
2505916000,2505912000,0.728,0.174,0.152,0.644,0.999,-4.656e-10,0.0,0.004,3
2506016000,2506012000,0.729,0.172,0.151,0.644,0.999,-4.656e-10,0.0,0.004,3
2506116000,2506112000,0.730,0.169,0.147,0.645,0.999,-4.656e-10,0.0,0.004,3
2506216000,2506212000,0.732,0.157,0.137,0.647,0.999,-4.656e-10,0.0,0.004,3
2506316000,2506312000,0.736,0.140,0.121,0.650,0.999,-4.656e-10,0.0,0.004,3
2506416000,2506412000,0.739,0.120,0.103,0.653,0.999,-4.656e-10,0.0,0.004,3
2506516000,2506512000,0.742,0.098,0.084,0.656,0.999,-4.656e-10,0.0,0.004,3
2506616000,2506612000,0.745,0.077,0.065,0.658,0.999,-4.656e-10,0.0,0.004,3
2506716000,2506712000,0.747,0.057,0.048,0.660,0.999,-4.656e-10,0.0,0.004,3
2506816000,2506812000,0.748,0.040,0.032,0.661,0.999,-4.656e-10,0.0,0.004,3
2506916000,2506912000,0.748,0.025,0.019,0.662,0.999,-4.656e-10,0.0,0.004,3
2507016000,2507012000,0.748,0.013,0.008,0.662,0.999,-4.656e-10,0.0,0.004,3
2507116000,2507112000,0.749,0.003,0.000,0.662,0.999,-4.656e-10,0.0,0.004,3
2507216000,2507212000,0.749,-0.003,-0.006,0.662,0.999,-4.656e-10,0.0,0.004,3
2507316000,2507312000,0.748,-0.008,-0.010,0.662,0.999,-4.656e-10,0.0,0.004,3
2507416000,2507412000,0.748,-0.012,-0.013,0.662,0.999,-4.656e-10,0.0,0.004,3
2507516000,2507512000,0.748,-0.014,-0.015,0.662,0.999,-4.656e-10,0.0,0.004,3
2507616000,2507612000,0.748,-0.016,-0.016,0.662,0.999,-4.656e-10,0.0,0.004,3
2507716000,2507712000,0.748,-0.017,-0.018,0.662,0.999,-4.656e-10,0.0,0.004,3
2507816000,2507812000,0.748,-0.024,-0.023,0.662,0.999,-4.656e-10,0.0,0.004,3
2507916000,2507912000,0.748,-0.038,-0.035,0.661,0.999,-4.656e-10,0.0,0.004,3
2508016000,2508012000,0.747,-0.055,-0.049,0.660,0.999,-4.656e-10,0.0,0.004,3
2508116000,2508112000,0.745,-0.073,-0.065,0.659,0.999,-4.656e-10,0.0,0.004,3
2508216000,2508212000,0.743,-0.091,-0.081,0.657,0.999,-4.656e-10,0.0,0.004,3
2508316000,2508312000,0.741,-0.108,-0.097,0.655,0.999,-4.656e-10,0.0,0.004,3
2508416000,2508412000,0.738,-0.124,-0.110,0.653,0.999,-4.656e-10,0.0,0.004,3
2508516000,2508512000,0.736,-0.137,-0.122,0.651,0.999,-4.656e-10,0.0,0.004,3
2508616000,2508612000,0.734,-0.148,-0.132,0.649,0.999,-4.656e-10,0.0,0.004,3
2508716000,2508712000,0.732,-0.157,-0.140,0.647,0.999,-4.656e-10,0.0,0.004,3
2508816000,2508812000,0.730,-0.164,-0.145,0.646,0.999,-4.656e-10,0.0,0.004,3
2508916000,2508912000,0.729,-0.168,-0.150,0.645,0.999,-4.656e-10,0.0,0.004,3
2509016000,2509012000,0.729,-0.171,-0.152,0.644,0.999,-4.656e-10,0.0,0.004,3
2509116000,2509112000,0.728,-0.173,-0.153,0.644,0.999,-4.656e-10,0.0,0.004,3
2509216000,2509208000,0.728,-0.173,-0.154,0.644,0.999,-4.656e-10,0.0,0.004,3
2509316000,2509312000,0.728,-0.173,-0.154,0.644,0.999,-4.656e-10,0.0,0.004,3
2509416000,2509412000,0.728,-0.172,-0.153,0.644,0.999,-4.656e-10,0.0,0.004,3
2509516000,2509512000,0.728,-0.169,-0.154,0.645,0.999,-4.656e-10,0.0,0.004,3
2509616000,2509612000,0.729,-0.167,-0.154,0.645,0.999,-4.656e-10,0.0,0.004,3
2509716000,2509712000,0.730,-0.162,-0.148,0.645,0.999,-4.656e-10,0.0,0.004,3
2509816000,2509812000,0.733,-0.150,-0.136,0.648,0.999,-4.656e-10,0.0,0.004,3
2509916000,2509912000,0.737,-0.133,-0.120,0.651,0.999,-4.656e-10,0.0,0.004,3
2510016000,2510012000,0.740,-0.112,-0.102,0.654,0.999,-4.656e-10,0.0,0.004,3
2510116000,2510112000,0.743,-0.091,-0.083,0.657,0.999,-4.656e-10,0.0,0.004,3
2510216000,2510212000,0.745,-0.070,-0.065,0.659,0.999,-4.656e-10,0.0,0.004,3
2510316000,2510312000,0.747,-0.051,-0.048,0.660,0.999,-4.656e-10,0.0,0.004,3
2510416000,2510412000,0.748,-0.035,-0.033,0.661,0.999,-4.656e-10,0.0,0.004,3
2510516000,2510512000,0.748,-0.021,-0.021,0.662,0.999,-4.656e-10,0.0,0.004,3
2510616000,2510612000,0.749,-0.009,-0.010,0.662,0.999,-4.656e-10,0.0,0.004,3
2510716000,2510712000,0.749,-0.000,-0.002,0.662,0.999,-4.656e-10,0.0,0.004,3
2510816000,2510812000,0.749,0.006,0.003,0.662,0.999,-4.656e-10,0.0,0.004,3
2510916000,2510912000,0.749,0.010,0.007,0.662,0.999,-4.656e-10,0.0,0.004,3
2511016000,2511012000,0.749,0.014,0.010,0.662,0.999,-4.656e-10,0.0,0.004,3
2511116000,2511112000,0.748,0.020,0.016,0.662,0.999,-4.656e-10,0.0,0.004,3
2511216000,2511212000,0.748,0.032,0.026,0.661,0.999,-4.656e-10,0.0,0.004,3
2511316000,2511312000,0.747,0.048,0.041,0.661,0.999,-4.656e-10,0.0,0.004,3
2511416000,2511412000,0.745,0.067,0.057,0.660,0.999,-4.656e-10,0.0,0.004,3
2511516000,2511512000,0.743,0.085,0.074,0.658,0.999,-4.656e-10,0.0,0.004,3
2511616000,2511612000,0.741,0.103,0.090,0.656,0.999,-4.656e-10,0.0,0.004,3
2511720000,2511712000,0.739,0.120,0.104,0.654,0.999,-4.656e-10,0.0,0.004,3
2511820000,2511816000,0.736,0.135,0.118,0.651,0.999,-4.656e-10,0.0,0.004,3
2511920000,2511916000,0.734,0.147,0.128,0.649,0.999,-4.656e-10,0.0,0.004,3
2512020000,2512016000,0.732,0.156,0.137,0.647,0.999,-4.656e-10,0.0,0.004,3
2512120000,2512116000,0.730,0.164,0.143,0.646,0.999,-4.656e-10,0.0,0.004,3
2512220000,2512216000,0.729,0.169,0.148,0.645,0.999,-4.656e-10,0.0,0.004,3
2512320000,2512316000,0.729,0.172,0.151,0.644,0.999,-4.656e-10,0.0,0.004,3
2512420000,2512416000,0.728,0.174,0.153,0.644,0.999,-4.656e-10,0.0,0.004,3
2512520000,2512516000,0.728,0.175,0.153,0.644,0.999,-4.656e-10,0.0,0.004,3
2512620000,2512616000,0.728,0.175,0.153,0.644,0.999,-4.656e-10,0.0,0.004,3
2512720000,2512716000,0.728,0.174,0.152,0.644,0.999,-4.656e-10,0.0,0.004,3
2512820000,2512816000,0.729,0.172,0.150,0.645,0.999,-4.656e-10,0.0,0.004,3
2512920000,2512916000,0.731,0.163,0.142,0.646,0.999,-4.656e-10,0.0,0.004,3
2513020000,2513016000,0.734,0.148,0.128,0.649,0.999,-4.656e-10,0.0,0.004,3
2513120000,2513116000,0.738,0.128,0.111,0.652,0.999,-4.656e-10,0.0,0.004,3
2513220000,2513216000,0.741,0.107,0.092,0.655,0.999,-4.656e-10,0.0,0.004,3
2513320000,2513316000,0.744,0.085,0.073,0.658,0.999,-4.656e-10,0.0,0.004,3
2513420000,2513416000,0.746,0.065,0.055,0.659,0.999,-4.656e-10,0.0,0.004,3
2513520000,2513516000,0.747,0.047,0.039,0.661,0.999,-4.656e-10,0.0,0.004,3
2513620000,2513616000,0.748,0.031,0.025,0.661,0.999,-4.656e-10,0.0,0.004,3
2513720000,2513716000,0.749,0.017,0.013,0.662,0.999,-4.656e-10,0.0,0.004,3
2513820000,2513816000,0.749,0.007,0.003,0.662,0.999,-4.656e-10,0.0,0.004,3
2513920000,2513916000,0.749,-0.000,-0.003,0.662,0.999,-4.656e-10,0.0,0.004,3
2514020000,2514016000,0.749,-0.006,-0.008,0.662,0.999,-4.656e-10,0.0,0.004,3
2514120000,2514116000,0.749,-0.010,-0.012,0.662,0.999,-4.656e-10,0.0,0.004,3
2514220000,2514216000,0.748,-0.013,-0.014,0.662,0.999,-4.656e-10,0.0,0.004,3
2514320000,2514316000,0.748,-0.015,-0.016,0.662,0.999,-4.656e-10,0.0,0.004,3
2514420000,2514416000,0.748,-0.020,-0.020,0.662,0.999,-4.656e-10,0.0,0.004,3
2514520000,2514516000,0.748,-0.027,-0.026,0.661,0.999,-4.656e-10,0.0,0.004,3
2514620000,2514616000,0.748,-0.038,-0.035,0.661,0.999,-4.656e-10,0.0,0.004,3
2514720000,2514716000,0.747,-0.053,-0.049,0.660,0.999,-4.656e-10,0.0,0.004,3
2514820000,2514816000,0.745,-0.070,-0.064,0.659,0.999,-4.656e-10,0.0,0.004,3
2514920000,2514916000,0.744,-0.088,-0.079,0.657,0.999,-4.656e-10,0.0,0.004,3
2515020000,2515016000,0.741,-0.105,-0.094,0.655,0.999,-4.656e-10,0.0,0.004,3
2515120000,2515116000,0.739,-0.121,-0.108,0.653,0.999,-4.656e-10,0.0,0.004,3
2515220000,2515216000,0.736,-0.134,-0.120,0.651,0.999,-4.656e-10,0.0,0.004,3
2515320000,2515316000,0.734,-0.146,-0.130,0.649,0.999,-4.656e-10,0.0,0.004,3
2515420000,2515416000,0.732,-0.155,-0.138,0.647,0.999,-4.656e-10,0.0,0.004,3
2515520000,2515516000,0.731,-0.161,-0.144,0.646,0.999,-4.656e-10,0.0,0.004,3
2515620000,2515616000,0.731,-0.159,-0.144,0.647,0.999,-4.656e-10,0.0,0.004,3
2515720000,2515716000,0.733,-0.149,-0.135,0.649,0.999,-4.656e-10,0.0,0.004,3
2515820000,2515816000,0.736,-0.134,-0.122,0.651,0.999,-4.656e-10,0.0,0.004,3
2515920000,2515916000,0.739,-0.115,-0.105,0.654,0.999,-4.656e-10,0.0,0.004,3
2516020000,2516016000,0.742,-0.094,-0.087,0.657,0.999,-4.656e-10,0.0,0.004,3
2516120000,2516116000,0.745,-0.074,-0.068,0.659,0.999,-4.656e-10,0.0,0.004,3
2516220000,2516216000,0.746,-0.056,-0.052,0.660,0.999,-4.656e-10,0.0,0.004,3
2516320000,2516316000,0.747,-0.041,-0.038,0.661,0.999,-4.656e-10,0.0,0.004,3
2516420000,2516416000,0.748,-0.033,-0.031,0.661,0.999,-4.656e-10,0.0,0.004,3
2516520000,2516516000,0.748,-0.032,-0.030,0.661,0.999,-4.656e-10,0.0,0.004,3
2516620000,2516616000,0.748,-0.040,-0.037,0.661,0.999,-4.656e-10,0.0,0.004,3
2516720000,2516716000,0.747,-0.052,-0.048,0.660,0.999,-4.656e-10,0.0,0.004,3
2516820000,2516816000,0.746,-0.067,-0.061,0.659,0.999,-4.656e-10,0.0,0.004,3
2516920000,2516916000,0.744,-0.083,-0.075,0.657,0.999,-4.656e-10,0.0,0.004,3
2517020000,2517016000,0.742,-0.099,-0.089,0.656,0.999,-4.656e-10,0.0,0.004,3
2517120000,2517116000,0.740,-0.114,-0.102,0.654,0.999,-4.656e-10,0.0,0.004,3
2517220000,2517216000,0.737,-0.128,-0.114,0.652,0.999,-4.656e-10,0.0,0.004,3
2517320000,2517316000,0.735,-0.139,-0.124,0.650,0.999,-4.656e-10,0.0,0.004,3
2517420000,2517416000,0.733,-0.149,-0.133,0.649,0.999,-4.656e-10,0.0,0.004,3
2517520000,2517516000,0.732,-0.157,-0.140,0.647,0.999,-4.656e-10,0.0,0.004,3
2517620000,2517616000,0.731,-0.162,-0.145,0.646,0.999,-4.656e-10,0.0,0.004,3
2517720000,2517716000,0.730,-0.166,-0.148,0.645,0.999,-4.656e-10,0.0,0.004,3
2517820000,2517816000,0.729,-0.169,-0.150,0.645,0.999,-4.656e-10,0.0,0.004,3
2517920000,2517916000,0.729,-0.169,-0.151,0.645,0.999,-4.656e-10,0.0,0.004,3
2518020000,2518016000,0.730,-0.164,-0.146,0.646,0.999,-4.656e-10,0.0,0.004,3
2518120000,2518116000,0.733,-0.151,-0.135,0.648,0.999,-4.656e-10,0.0,0.004,3
2518220000,2518216000,0.736,-0.133,-0.119,0.651,0.999,-4.656e-10,0.0,0.004,3
2518320000,2518316000,0.740,-0.112,-0.101,0.655,0.999,-4.656e-10,0.0,0.004,3
2518420000,2518416000,0.743,-0.091,-0.082,0.657,0.999,-4.656e-10,0.0,0.004,3
2518520000,2518516000,0.745,-0.070,-0.063,0.659,0.999,-4.656e-10,0.0,0.004,3
2518620000,2518616000,0.747,-0.051,-0.047,0.660,0.999,-4.656e-10,0.0,0.004,3
2518720000,2518716000,0.748,-0.034,-0.032,0.661,0.999,-4.656e-10,0.0,0.004,3
2518820000,2518816000,0.748,-0.020,-0.019,0.662,0.999,-4.656e-10,0.0,0.004,3
2518920000,2518916000,0.749,-0.009,-0.009,0.662,0.999,-4.656e-10,0.0,0.004,3
2519020000,2519016000,0.749,-0.000,-0.001,0.662,0.999,-4.656e-10,0.0,0.004,3
2519120000,2519116000,0.749,0.006,0.003,0.662,0.999,-4.656e-10,0.0,0.004,3
2519220000,2519212000,0.749,0.009,0.007,0.662,0.999,-4.656e-10,0.0,0.004,3
2519320000,2519316000,0.749,0.009,0.006,0.662,0.999,-4.656e-10,0.0,0.004,3
2519420000,2519416000,0.749,0.000,-0.000,0.662,0.999,-4.656e-10,0.0,0.004,3
2519520000,2519516000,0.749,-0.015,-0.014,0.661,0.999,-4.656e-10,0.0,0.004,3
2519620000,2519616000,0.748,-0.034,-0.031,0.661,0.999,-4.656e-10,0.0,0.004,3
2519720000,2519716000,0.747,-0.055,-0.050,0.660,0.999,-4.656e-10,0.0,0.004,3
2519820000,2519816000,0.745,-0.077,-0.069,0.658,0.999,-4.656e-10,0.0,0.004,3
2519920000,2519916000,0.742,-0.097,-0.087,0.656,0.999,-4.656e-10,0.0,0.004,3
2520020000,2520016000,0.740,-0.115,-0.103,0.654,0.999,-4.656e-10,0.0,0.004,3
2520120000,2520116000,0.737,-0.131,-0.117,0.652,0.999,-4.656e-10,0.0,0.004,3
2520220000,2520216000,0.734,-0.144,-0.128,0.649,0.999,-4.656e-10,0.0,0.004,3
2520324000,2520316000,0.732,-0.155,-0.138,0.648,0.999,-4.656e-10,0.0,0.004,3
2520424000,2520420000,0.730,-0.163,-0.145,0.646,0.999,-4.656e-10,0.0,0.004,3
2520524000,2520520000,0.729,-0.168,-0.149,0.645,0.999,-4.656e-10,0.0,0.004,3
2520624000,2520620000,0.728,-0.171,-0.152,0.644,0.999,-4.656e-10,0.0,0.004,3
2520724000,2520720000,0.728,-0.173,-0.154,0.644,0.999,-4.656e-10,0.0,0.004,3
2520824000,2520820000,0.728,-0.174,-0.154,0.644,0.999,-4.656e-10,0.0,0.004,3
2520924000,2520920000,0.728,-0.173,-0.154,0.644,0.999,-4.656e-10,0.0,0.004,3
2521024000,2521020000,0.728,-0.172,-0.153,0.644,0.999,-4.656e-10,0.0,0.004,3
2521124000,2521120000,0.729,-0.169,-0.151,0.645,0.999,-4.656e-10,0.0,0.004,3
2521224000,2521220000,0.731,-0.159,-0.142,0.647,0.999,-4.656e-10,0.0,0.004,3
2521324000,2521320000,0.735,-0.142,-0.127,0.650,0.999,-4.656e-10,0.0,0.004,3
2521424000,2521420000,0.738,-0.122,-0.109,0.653,0.999,-4.656e-10,0.0,0.004,3
2521524000,2521520000,0.741,-0.101,-0.090,0.656,0.999,-4.656e-10,0.0,0.004,3
2521624000,2521620000,0.744,-0.079,-0.072,0.658,0.999,-4.656e-10,0.0,0.004,3
2521724000,2521720000,0.746,-0.059,-0.054,0.660,0.999,-4.656e-10,0.0,0.004,3
2521824000,2521820000,0.747,-0.042,-0.038,0.661,0.999,-4.656e-10,0.0,0.004,3
2521924000,2521920000,0.748,-0.026,-0.025,0.661,0.999,-4.656e-10,0.0,0.004,3
2522024000,2522020000,0.749,-0.014,-0.013,0.662,0.999,-4.656e-10,0.0,0.004,3
2522124000,2522120000,0.749,-0.003,-0.004,0.662,0.999,-4.656e-10,0.0,0.004,3
2522224000,2522220000,0.749,0.003,0.002,0.662,0.999,-4.656e-10,0.0,0.004,3
2522324000,2522320000,0.749,0.009,0.006,0.662,0.999,-4.656e-10,0.0,0.004,3
2522424000,2522420000,0.749,0.012,0.010,0.662,0.999,-4.656e-10,0.0,0.004,3
2522524000,2522520000,0.749,0.015,0.011,0.662,0.999,-4.656e-10,0.0,0.004,3
2522624000,2522620000,0.749,0.016,0.012,0.662,0.999,-4.656e-10,0.0,0.004,3
2522724000,2522720000,0.748,0.019,0.015,0.662,0.999,-4.656e-10,0.0,0.004,3
2522824000,2522820000,0.748,0.028,0.023,0.662,0.999,-4.656e-10,0.0,0.004,3
2522924000,2522920000,0.747,0.042,0.036,0.661,0.999,-4.656e-10,0.0,0.004,3
2523024000,2523020000,0.746,0.060,0.052,0.660,0.999,-4.656e-10,0.0,0.004,3
2523124000,2523120000,0.744,0.078,0.068,0.659,0.999,-4.656e-10,0.0,0.004,3
2523224000,2523220000,0.742,0.096,0.084,0.657,0.999,-4.656e-10,0.0,0.004,3
2523324000,2523320000,0.740,0.113,0.099,0.654,0.999,-4.656e-10,0.0,0.004,3
2523424000,2523420000,0.738,0.128,0.112,0.652,0.999,-4.656e-10,0.0,0.004,3
2523524000,2523520000,0.735,0.141,0.124,0.650,0.999,-4.656e-10,0.0,0.004,3
2523624000,2523620000,0.733,0.152,0.133,0.648,0.999,-4.656e-10,0.0,0.004,3
2523724000,2523720000,0.731,0.160,0.140,0.647,0.999,-4.656e-10,0.0,0.004,3
2523824000,2523820000,0.730,0.166,0.146,0.645,0.999,-4.656e-10,0.0,0.004,3
2523924000,2523920000,0.729,0.170,0.150,0.644,0.999,-4.656e-10,0.0,0.004,3
2524024000,2524020000,0.729,0.173,0.152,0.644,0.999,-4.656e-10,0.0,0.004,3
2524124000,2524120000,0.728,0.174,0.153,0.644,0.999,-4.656e-10,0.0,0.004,3
2524224000,2524220000,0.728,0.174,0.153,0.644,0.999,-4.656e-10,0.0,0.004,3
2524324000,2524320000,0.728,0.174,0.153,0.644,0.999,-4.656e-10,0.0,0.004,3
2524424000,2524420000,0.729,0.173,0.152,0.644,0.999,-4.656e-10,0.0,0.004,3
2524524000,2524520000,0.729,0.171,0.150,0.644,0.999,-4.656e-10,0.0,0.004,3
2524624000,2524620000,0.730,0.168,0.147,0.645,0.999,-4.656e-10,0.0,0.004,3
2524724000,2524720000,0.732,0.158,0.138,0.647,0.999,-4.656e-10,0.0,0.004,3
2524824000,2524820000,0.736,0.141,0.123,0.649,0.999,-4.656e-10,0.0,0.004,3
2524924000,2524920000,0.739,0.121,0.105,0.652,0.999,-4.656e-10,0.0,0.004,3
2525024000,2525020000,0.743,0.100,0.086,0.655,0.999,-4.656e-10,0.0,0.004,3
2525124000,2525120000,0.745,0.079,0.068,0.658,0.999,-4.656e-10,0.0,0.004,3
2525224000,2525220000,0.747,0.059,0.050,0.659,0.999,-4.656e-10,0.0,0.004,3
2525324000,2525320000,0.748,0.041,0.035,0.661,0.999,-4.656e-10,0.0,0.004,3
2525424000,2525420000,0.748,0.026,0.021,0.661,0.999,-4.656e-10,0.0,0.004,3
2525524000,2525520000,0.749,0.013,0.010,0.662,0.999,-4.656e-10,0.0,0.004,3
2525624000,2525620000,0.749,0.003,0.001,0.662,0.999,-4.656e-10,0.0,0.004,3
2525724000,2525720000,0.749,-0.004,-0.005,0.662,0.999,-4.656e-10,0.0,0.004,3
2525824000,2525820000,0.748,-0.009,-0.009,0.662,0.999,-4.656e-10,0.0,0.004,3
2525924000,2525920000,0.748,-0.012,-0.012,0.662,0.999,-4.656e-10,0.0,0.004,3
2526024000,2526020000,0.748,-0.014,-0.014,0.662,0.999,-4.656e-10,0.0,0.004,3
2526124000,2526120000,0.748,-0.015,-0.015,0.662,0.999,-4.656e-10,0.0,0.004,3
2526224000,2526220000,0.748,-0.015,-0.014,0.662,0.999,-4.656e-10,0.0,0.004,3
2526324000,2526320000,0.748,-0.014,-0.013,0.662,0.999,-4.656e-10,0.0,0.004,3
2526424000,2526420000,0.748,-0.012,-0.012,0.662,0.999,-4.656e-10,0.0,0.004,3
2526524000,2526520000,0.748,-0.010,-0.010,0.662,0.999,-4.656e-10,0.0,0.004,3
2526624000,2526620000,0.748,-0.008,-0.009,0.662,0.999,-4.656e-10,0.0,0.004,3
2526724000,2526720000,0.748,-0.007,-0.007,0.662,0.999,-4.656e-10,0.0,0.004,3
2526824000,2526820000,0.749,-0.005,-0.006,0.662,0.999,-4.656e-10,0.0,0.004,3
2526924000,2526920000,0.749,-0.004,-0.004,0.662,0.999,-4.656e-10,0.0,0.004,3
2527024000,2527020000,0.749,-0.002,-0.003,0.662,0.999,-4.656e-10,0.0,0.004,3
2527124000,2527120000,0.749,-0.001,-0.002,0.662,0.999,-4.656e-10,0.0,0.004,3
2527224000,2527220000,0.749,-0.000,-0.002,0.662,0.999,-4.656e-10,0.0,0.004,3
2527324000,2527320000,0.749,-0.000,-0.001,0.662,0.999,-4.656e-10,0.0,0.004,3
2527424000,2527420000,0.749,0.000,-0.001,0.662,0.999,-4.656e-10,0.0,0.004,3
2527524000,2527520000,0.749,0.000,-0.000,0.662,0.999,-4.656e-10,0.0,0.004,3
2527624000,2527620000,0.749,0.000,-0.000,0.662,0.999,-4.656e-10,0.0,0.004,3
2527724000,2527720000,0.749,0.001,-0.000,0.662,0.999,-4.656e-10,0.0,0.004,3
2527824000,2527820000,0.749,0.001,-0.000,0.662,0.999,-4.656e-10,0.0,0.004,3
2527924000,2527920000,0.749,0.000,-0.000,0.662,0.999,-4.656e-10,0.0,0.004,3
2528024000,2528020000,0.749,0.000,-0.000,0.662,0.999,-4.656e-10,0.0,0.004,3
2528124000,2528120000,0.749,0.000,-0.000,0.662,0.999,-4.656e-10,0.0,0.004,3
2528224000,2528220000,0.749,0.000,-0.000,0.662,0.999,-4.656e-10,0.0,0.004,3
2528324000,2528320000,0.749,0.000,-0.000,0.662,0.999,-4.656e-10,0.0,0.004,3
2528424000,2528420000,0.749,0.000,-0.000,0.662,0.999,-4.656e-10,0.0,0.004,3
2528524000,2528520000,0.749,0.000,-0.000,0.662,0.999,-4.656e-10,0.0,0.004,3
2528624000,2528620000,0.749,0.000,-0.000,0.662,0.999,-4.656e-10,0.0,0.004,3
2528724000,2528720000,0.749,0.000,-0.000,0.662,0.999,-4.656e-10,0.0,0.004,3
2528824000,2528820000,0.749,0.000,-0.000,0.662,0.999,-4.656e-10,0.0,0.004,3
2528924000,2528920000,0.749,0.000,-0.000,0.662,0.999,-4.656e-10,0.0,0.004,3
2529024000,2529020000,0.749,0.000,-0.000,0.662,0.999,-4.656e-10,0.0,0.004,3
2529124000,2529120000,0.749,0.000,-0.000,0.662,0.999,-4.656e-10,0.0,0.004,3
2529224000,2529220000,0.749,0.000,-0.000,0.662,0.999,-4.656e-10,0.0,0.004,3
2529324000,2529320000,0.749,0.000,-0.000,0.662,0.999,-4.656e-10,0.0,0.004,3
2529424000,2529420000,0.749,0.000,-0.000,0.662,0.999,-4.656e-10,0.0,0.004,3
2529524000,2529520000,0.749,0.000,-0.000,0.662,0.999,-4.656e-10,0.0,0.004,3
2529624000,2529620000,0.749,0.000,-0.000,0.662,0.999,-4.656e-10,0.0,0.004,3
2529724000,2529720000,0.749,0.000,-0.000,0.662,0.999,-4.656e-10,0.0,0.004,3
2529824000,2529820000,0.749,0.000,-0.000,0.662,0.999,-4.656e-10,0.0,0.004,3
2529924000,2529920000,0.749,0.000,-0.000,0.662,0.999,-4.656e-10,0.0,0.004,3
2530024000,2530020000,0.749,0.000,-0.000,0.662,0.999,-4.656e-10,0.0,0.004,3
2530124000,2530120000,0.749,0.000,-0.000,0.662,0.999,-4.656e-10,0.0,0.004,3
2530224000,2530220000,0.749,0.000,-0.000,0.662,0.999,-4.656e-10,0.0,0.004,3
2530324000,2530320000,0.749,0.000,-0.000,0.662,0.999,-4.656e-10,0.0,0.004,3
2530424000,2530420000,0.749,0.000,-0.000,0.662,0.999,-4.656e-10,0.0,0.004,3
2530524000,2530520000,0.749,0.000,-0.000,0.662,0.999,-4.656e-10,0.0,0.004,3
2530624000,2530620000,0.749,0.000,-0.000,0.662,0.999,-4.656e-10,0.0,0.004,3
2530724000,2530720000,0.749,0.000,-0.000,0.662,0.999,-4.656e-10,0.0,0.004,3
2530824000,2530820000,0.749,0.000,-0.000,0.662,0.999,-4.656e-10,0.0,0.004,3
2530924000,2530920000,0.749,0.000,-0.000,0.662,0.999,-4.656e-10,0.0,0.004,3
2531024000,2531020000,0.749,0.000,-0.000,0.662,0.999,-4.656e-10,0.0,0.004,3
2531124000,2531120000,0.749,0.000,-0.000,0.662,0.999,-4.656e-10,0.0,0.004,3
2531224000,2531220000,0.749,0.000,-0.000,0.662,0.999,-4.656e-10,0.0,0.004,3
2531324000,2531320000,0.748,0.000,-0.000,0.662,0.999,-4.656e-10,0.0,0.004,3
2531424000,2531420000,0.748,0.000,-0.000,0.662,0.999,-4.656e-10,0.0,0.004,3
2531524000,2531520000,0.748,0.000,-0.000,0.662,0.999,-4.656e-10,0.0,0.004,3
2531624000,2531620000,0.748,0.000,-0.000,0.662,0.999,-4.656e-10,0.0,0.004,3
2531724000,2531720000,0.749,0.000,-0.000,0.662,0.999,-4.656e-10,0.0,0.004,3
2531824000,2531820000,0.749,0.000,-0.000,0.662,0.999,-4.656e-10,0.0,0.004,3
2531924000,2531920000,0.749,0.000,-0.000,0.662,0.999,-4.656e-10,0.0,0.004,3
2532024000,2532020000,0.748,0.027,-0.030,0.661,0.999,-4.656e-10,0.0,0.004,3
2532124000,2532120000,0.742,0.087,-0.098,0.656,0.999,-4.656e-10,0.0,0.004,3
2532224000,2532220000,0.737,0.117,-0.132,0.651,0.999,-4.656e-10,0.0,0.004,3
2532324000,2532320000,0.734,0.131,-0.148,0.649,0.999,-4.656e-10,0.0,0.004,3
2532424000,2532420000,0.738,0.107,-0.121,0.653,0.999,-4.656e-10,0.0,0.004,3
2532524000,2532520000,0.746,0.050,-0.056,0.660,0.999,-4.656e-10,0.0,0.004,3
2532624000,2532620000,0.748,0.023,-0.026,0.662,0.999,-4.656e-10,0.0,0.004,3
2532724000,2532720000,0.748,0.010,-0.012,0.662,0.999,-4.656e-10,0.0,0.004,3
2532824000,2532820000,0.748,0.005,-0.005,0.662,0.999,-4.656e-10,0.0,0.004,3
2532924000,2532920000,0.748,0.002,-0.002,0.662,0.999,-4.656e-10,0.0,0.004,3
2533024000,2533020000,0.748,0.001,-0.001,0.662,0.999,-4.656e-10,0.0,0.004,3
2533124000,2533120000,0.748,9.251e-05,-0.000,0.662,0.999,-4.656e-10,0.0,0.004,3
2533224000,2533220000,0.748,-0.014,0.016,0.662,0.999,-4.656e-10,0.0,0.004,3
2533324000,2533320000,0.746,-0.059,0.066,0.659,0.999,-4.656e-10,0.0,0.004,3
2533424000,2533420000,0.739,-0.104,0.117,0.654,0.999,-4.656e-10,0.0,0.004,3
2533524000,2533520000,0.735,-0.125,0.141,0.650,0.999,-4.656e-10,0.0,0.004,3
2533624000,2533620000,0.733,-0.135,0.152,0.648,0.999,-4.656e-10,0.0,0.004,3
2533724000,2533720000,0.736,-0.119,0.134,0.651,0.999,-4.656e-10,0.0,0.004,3
2533824000,2533820000,0.746,-0.059,0.066,0.659,0.999,-4.656e-10,0.0,0.004,3
2533924000,2533920000,0.748,-0.027,0.030,0.661,0.999,-4.656e-10,0.0,0.004,3
2534024000,2534020000,0.749,-0.012,0.013,0.661,0.999,-4.656e-10,0.0,0.004,3
2534124000,2534120000,0.749,-0.005,0.006,0.661,0.999,-4.656e-10,0.0,0.004,3
2534224000,2534220000,0.749,-0.002,0.002,0.661,0.999,-4.656e-10,0.0,0.004,3
2534324000,2534320000,0.749,-0.001,0.000,0.661,0.999,-4.656e-10,0.0,0.004,3
2534424000,2534420000,0.749,-0.000,-0.000,0.662,0.999,-4.656e-10,0.0,0.004,3
2534524000,2534520000,0.749,3.025e-05,-0.000,0.662,0.999,-4.656e-10,0.0,0.004,3
2534624000,2534620000,0.749,0.000,-0.000,0.662,0.999,-4.656e-10,0.0,0.004,3
2534724000,2534720000,0.749,0.000,-0.000,0.662,0.999,-4.656e-10,0.0,0.004,3
2534824000,2534820000,0.749,0.000,-0.000,0.662,0.999,-4.656e-10,0.0,0.004,3
2534924000,2534920000,0.749,0.000,-0.000,0.662,0.999,-4.656e-10,0.0,0.004,3
2535024000,2535020000,0.749,0.000,-0.000,0.662,0.999,-4.656e-10,0.0,0.004,3
2535124000,2535120000,0.749,0.000,-0.000,0.662,0.999,-4.656e-10,0.0,0.004,3
2535224000,2535220000,0.749,0.000,-0.000,0.662,0.999,-4.656e-10,0.0,0.004,3
2535324000,2535320000,0.749,0.000,-0.000,0.662,0.999,-4.656e-10,0.0,0.004,3
2535424000,2535420000,0.749,0.000,-0.000,0.662,0.999,-4.656e-10,0.0,0.004,3
2535524000,2535520000,0.749,0.000,-0.000,0.662,0.999,-4.656e-10,0.0,0.004,3
2535624000,2535620000,0.749,0.000,-0.000,0.662,0.999,-4.656e-10,0.0,0.004,3
2535724000,2535720000,0.749,0.000,-0.000,0.662,0.999,-4.656e-10,0.0,0.004,3
2535824000,2535820000,0.749,0.000,-0.000,0.662,0.999,-4.656e-10,0.0,0.004,3
2535924000,2535920000,0.749,0.000,-0.000,0.662,0.999,-4.656e-10,0.0,0.004,3
2536024000,2536020000,0.749,0.000,-0.000,0.662,0.999,-4.656e-10,0.0,0.004,3
2536124000,2536120000,0.749,0.000,-0.000,0.662,0.999,-4.656e-10,0.0,0.004,3
2536224000,2536220000,0.749,0.000,-0.000,0.662,0.999,-4.656e-10,0.0,0.004,3
2536324000,2536320000,0.749,0.000,-0.000,0.662,0.999,-4.656e-10,0.0,0.004,3
2536424000,2536420000,0.749,0.000,-0.000,0.662,0.999,-4.656e-10,0.0,0.004,3
2536524000,2536520000,0.749,0.000,-0.000,0.662,0.999,-4.656e-10,0.0,0.004,3
2536624000,2536620000,0.749,0.000,-0.000,0.662,0.999,-4.656e-10,0.0,0.004,3
2536724000,2536720000,0.749,0.000,-0.000,0.662,0.999,-4.656e-10,0.0,0.004,3
2536824000,2536820000,0.749,0.000,-0.000,0.662,0.999,-4.656e-10,0.0,0.004,3
2536924000,2536920000,0.749,0.000,-0.000,0.662,0.999,-4.656e-10,0.0,0.004,3
2537024000,2537020000,0.749,0.000,-0.000,0.662,0.999,-4.656e-10,0.0,0.004,3
2537124000,2537120000,0.749,0.000,-0.000,0.662,0.999,-4.656e-10,0.0,0.004,3
2537224000,2537220000,0.749,0.000,-0.000,0.662,0.999,-4.656e-10,0.0,0.004,3
2537324000,2537320000,0.749,0.000,-0.000,0.662,0.999,-4.656e-10,0.0,0.004,3
2537424000,2537420000,0.749,0.000,-0.000,0.662,0.999,-4.656e-10,0.0,0.004,3
2537524000,2537520000,0.749,0.000,-0.000,0.662,0.999,-4.656e-10,0.0,0.004,3
2537624000,2537620000,0.749,0.000,-0.000,0.662,0.999,-4.656e-10,0.0,0.004,3
2537724000,2537720000,0.749,0.000,-0.000,0.662,0.999,-4.656e-10,0.0,0.004,3
2537824000,2537820000,0.749,0.000,-0.000,0.662,0.999,-4.656e-10,0.0,0.004,3
2537924000,2537920000,0.749,0.000,-0.000,0.662,0.999,-4.656e-10,0.0,0.004,3
2538024000,2538020000,0.748,0.003,0.000,0.662,0.999,-4.656e-10,0.0,0.004,3
2538124000,2538120000,0.748,0.008,0.004,0.662,0.999,-4.656e-10,0.0,0.004,3
2538224000,2538220000,0.748,0.018,0.012,0.662,0.999,-4.656e-10,0.0,0.004,3
2538324000,2538320000,0.748,0.032,0.024,0.662,0.999,-4.656e-10,0.0,0.004,3
2538424000,2538420000,0.747,0.050,0.040,0.661,0.999,-4.656e-10,0.0,0.004,3
2538524000,2538520000,0.745,0.070,0.057,0.660,0.999,-4.656e-10,0.0,0.004,3
2538624000,2538620000,0.743,0.089,0.074,0.658,0.999,-4.656e-10,0.0,0.004,3
2538724000,2538720000,0.741,0.107,0.090,0.656,0.999,-4.656e-10,0.0,0.004,3
2538824000,2538820000,0.738,0.124,0.105,0.654,0.999,-4.656e-10,0.0,0.004,3
2538924000,2538920000,0.736,0.138,0.117,0.652,0.999,-4.656e-10,0.0,0.004,3
2539024000,2539020000,0.733,0.150,0.128,0.650,0.999,-4.656e-10,0.0,0.004,3
2539124000,2539120000,0.731,0.159,0.136,0.648,0.999,-4.656e-10,0.0,0.004,3
2539224000,2539220000,0.730,0.166,0.142,0.646,0.999,-4.656e-10,0.0,0.004,3
2539324000,2539320000,0.729,0.171,0.147,0.645,0.999,-4.656e-10,0.0,0.004,3
2539424000,2539420000,0.728,0.174,0.149,0.645,0.999,-4.656e-10,0.0,0.004,3
2539524000,2539520000,0.728,0.176,0.151,0.644,0.999,-4.656e-10,0.0,0.004,3
2539624000,2539620000,0.728,0.176,0.151,0.644,0.999,-4.656e-10,0.0,0.004,3
2539724000,2539720000,0.728,0.176,0.151,0.644,0.999,-4.656e-10,0.0,0.004,3
2539824000,2539820000,0.728,0.175,0.150,0.644,0.999,-4.656e-10,0.0,0.004,3
2539924000,2539920000,0.729,0.173,0.149,0.644,0.999,-4.656e-10,0.0,0.004,3
2540024000,2540020000,0.729,0.172,0.148,0.645,0.999,-4.656e-10,0.0,0.004,3
2540124000,2540120000,0.729,0.170,0.147,0.645,0.999,-4.656e-10,0.0,0.004,3
2540224000,2540220000,0.730,0.167,0.144,0.645,0.999,-4.656e-10,0.0,0.004,3
2540324000,2540320000,0.731,0.163,0.141,0.646,0.999,-4.656e-10,0.0,0.004,3
2540424000,2540420000,0.732,0.158,0.137,0.647,0.999,-4.656e-10,0.0,0.004,3
2540524000,2540520000,0.733,0.151,0.132,0.648,0.999,-4.656e-10,0.0,0.004,3
2540624000,2540620000,0.735,0.143,0.124,0.650,0.999,-4.656e-10,0.0,0.004,3
2540724000,2540720000,0.737,0.132,0.115,0.651,0.999,-4.656e-10,0.0,0.004,3
2540824000,2540820000,0.739,0.119,0.103,0.653,0.999,-4.656e-10,0.0,0.004,3
2540924000,2540920000,0.742,0.104,0.090,0.655,0.999,-4.656e-10,0.0,0.004,3
2541024000,2541020000,0.744,0.087,0.076,0.657,0.999,-4.656e-10,0.0,0.004,3
2541124000,2541120000,0.746,0.070,0.061,0.659,0.999,-4.656e-10,0.0,0.004,3
2541224000,2541220000,0.747,0.053,0.046,0.660,0.999,-4.656e-10,0.0,0.004,3
2541324000,2541320000,0.748,0.037,0.031,0.661,0.999,-4.656e-10,0.0,0.004,3
2541424000,2541420000,0.748,0.022,0.018,0.662,0.999,-4.656e-10,0.0,0.004,3
2541524000,2541520000,0.748,0.009,0.006,0.662,0.999,-4.656e-10,0.0,0.004,3
2541624000,2541620000,0.748,-0.001,-0.003,0.662,0.999,-4.656e-10,0.0,0.004,3
2541724000,2541720000,0.748,-0.010,-0.011,0.662,0.999,-4.656e-10,0.0,0.004,3
2541824000,2541820000,0.748,-0.016,-0.016,0.662,0.999,-4.656e-10,0.0,0.004,3
2541924000,2541920000,0.748,-0.020,-0.019,0.662,0.999,-4.656e-10,0.0,0.004,3
2542024000,2542020000,0.748,-0.022,-0.021,0.662,0.999,-4.656e-10,0.0,0.004,3
2542124000,2542120000,0.748,-0.021,-0.020,0.662,0.999,-4.656e-10,0.0,0.004,3
2542224000,2542220000,0.748,-0.019,-0.018,0.662,0.999,-4.656e-10,0.0,0.004,3
2542324000,2542320000,0.748,-0.016,-0.015,0.662,0.999,-4.656e-10,0.0,0.004,3
2542424000,2542420000,0.748,-0.011,-0.011,0.662,0.999,-4.656e-10,0.0,0.004,3
2542524000,2542520000,0.748,-0.006,-0.007,0.662,0.999,-4.656e-10,0.0,0.004,3
2542624000,2542620000,0.748,-0.001,-0.002,0.662,0.999,-4.656e-10,0.0,0.004,3
2542724000,2542720000,0.749,0.004,0.002,0.662,0.999,-4.656e-10,0.0,0.004,3
2542824000,2542820000,0.749,0.009,0.006,0.662,0.999,-4.656e-10,0.0,0.004,3
2542924000,2542920000,0.748,0.014,0.010,0.662,0.999,-4.656e-10,0.0,0.004,3
2543024000,2543020000,0.748,0.018,0.014,0.662,0.999,-4.656e-10,0.0,0.004,3
2543124000,2543120000,0.748,0.022,0.017,0.662,0.999,-4.656e-10,0.0,0.004,3
2543224000,2543220000,0.748,0.024,0.019,0.662,0.999,-4.656e-10,0.0,0.004,3
2543324000,2543320000,0.748,0.026,0.021,0.662,0.999,-4.656e-10,0.0,0.004,3
2543424000,2543420000,0.748,0.027,0.021,0.662,0.999,-4.656e-10,0.0,0.004,3
2543524000,2543520000,0.748,0.027,0.022,0.662,0.999,-4.656e-10,0.0,0.004,3
2543624000,2543620000,0.748,0.026,0.021,0.662,0.999,-4.656e-10,0.0,0.004,3
2543724000,2543720000,0.748,0.025,0.020,0.662,0.999,-4.656e-10,0.0,0.004,3
2543824000,2543820000,0.748,0.023,0.018,0.662,0.999,-4.656e-10,0.0,0.004,3
2543924000,2543920000,0.748,0.021,0.016,0.662,0.999,-4.656e-10,0.0,0.004,3
2544024000,2544020000,0.748,0.018,0.014,0.662,0.999,-4.656e-10,0.0,0.004,3
2544124000,2544120000,0.748,0.015,0.012,0.662,0.999,-4.656e-10,0.0,0.004,3
2544224000,2544220000,0.748,0.013,0.009,0.662,0.999,-4.656e-10,0.0,0.004,3
2544324000,2544320000,0.749,0.010,0.007,0.662,0.999,-4.656e-10,0.0,0.004,3
2544424000,2544420000,0.749,0.007,0.005,0.662,0.999,-4.656e-10,0.0,0.004,3
2544524000,2544520000,0.749,0.005,0.003,0.662,0.999,-4.656e-10,0.0,0.004,3
2544624000,2544620000,0.749,0.003,0.001,0.662,0.999,-4.656e-10,0.0,0.004,3
2544724000,2544720000,0.748,0.001,0.000,0.662,0.999,-4.656e-10,0.0,0.004,3
2544824000,2544820000,0.748,0.000,-0.000,0.662,0.999,-4.656e-10,0.0,0.004,3
2544924000,2544920000,0.748,-0.000,-0.001,0.662,0.999,-4.656e-10,0.0,0.004,3
2545024000,2545020000,0.748,-0.001,-0.002,0.662,0.999,-4.656e-10,0.0,0.004,3
2545124000,2545120000,0.748,-0.001,-0.002,0.662,0.999,-4.656e-10,0.0,0.004,3
2545224000,2545220000,0.749,-0.001,-0.002,0.662,0.999,-4.656e-10,0.0,0.004,3
2545324000,2545320000,0.749,-0.001,-0.002,0.662,0.999,-4.656e-10,0.0,0.004,3
2545424000,2545420000,0.749,-0.001,-0.002,0.662,0.999,-4.656e-10,0.0,0.004,3
2545524000,2545520000,0.749,-0.001,-0.001,0.662,0.999,-4.656e-10,0.0,0.004,3
2545624000,2545620000,0.749,-0.000,-0.001,0.662,0.999,-4.656e-10,0.0,0.004,3
2545724000,2545720000,0.749,0.000,-0.001,0.662,0.999,-4.656e-10,0.0,0.004,3
2545824000,2545820000,0.749,0.001,-0.000,0.662,0.999,-4.656e-10,0.0,0.004,3
2545924000,2545920000,0.749,0.001,-0.000,0.662,0.999,-4.656e-10,0.0,0.004,3
2546024000,2546020000,0.749,0.002,0.000,0.662,0.999,-4.656e-10,0.0,0.004,3
2546124000,2546120000,0.749,0.003,0.000,0.662,0.999,-4.656e-10,0.0,0.004,3
2546224000,2546220000,0.749,0.003,0.001,0.662,0.999,-4.656e-10,0.0,0.004,3
2546324000,2546320000,0.749,0.003,0.001,0.662,0.999,-4.656e-10,0.0,0.004,3
2546424000,2546420000,0.749,0.004,0.001,0.662,0.999,-4.656e-10,0.0,0.004,3
2546524000,2546520000,0.749,0.004,0.001,0.662,0.999,-4.656e-10,0.0,0.004,3
2546624000,2546620000,0.749,0.004,0.001,0.662,0.999,-4.656e-10,0.0,0.004,3
2546724000,2546720000,0.749,0.004,0.001,0.662,0.999,-4.656e-10,0.0,0.004,3
2546824000,2546820000,0.749,0.003,0.001,0.662,0.999,-4.656e-10,0.0,0.004,3
2546924000,2546920000,0.749,0.003,0.001,0.662,0.999,-4.656e-10,0.0,0.004,3
2547024000,2547020000,0.749,0.003,0.000,0.662,0.999,-4.656e-10,0.0,0.004,3
2547124000,2547120000,0.749,0.003,0.000,0.662,0.999,-4.656e-10,0.0,0.004,3
2547224000,2547220000,0.749,0.002,0.000,0.662,0.999,-4.656e-10,0.0,0.004,3
2547324000,2547320000,0.749,0.002,3.542e-05,0.662,0.999,-4.656e-10,0.0,0.004,3
2547424000,2547420000,0.749,0.002,-5.656e-05,0.662,0.999,-4.656e-10,0.0,0.004,3
2547524000,2547520000,0.749,0.001,-8.274e-05,0.662,0.999,-4.656e-10,0.0,0.004,3
2547624000,2547620000,0.749,0.001,-6.299e-05,0.662,0.999,-4.656e-10,0.0,0.004,3
2547724000,2547720000,0.749,0.001,-4.044e-05,0.662,0.999,-4.656e-10,0.0,0.004,3
2547824000,2547820000,0.749,0.001,1.427e-06,0.662,0.999,-4.656e-10,0.0,0.004,3
2547924000,2547920000,0.749,0.001,9.040e-05,0.662,0.999,-4.656e-10,0.0,0.004,3
2548024000,2548020000,0.749,0.001,0.000,0.662,0.999,-4.656e-10,0.0,0.004,3
2548124000,2548120000,0.749,0.001,0.000,0.662,0.999,-4.656e-10,0.0,0.004,3
2548224000,2548220000,0.749,0.001,0.000,0.662,0.999,-4.656e-10,0.0,0.004,3
2548324000,2548320000,0.749,0.001,0.000,0.662,0.999,-4.656e-10,0.0,0.004,3
2548424000,2548420000,0.749,0.002,0.001,0.662,0.999,-4.656e-10,0.0,0.004,3
2548524000,2548520000,0.749,0.002,0.001,0.662,0.999,-4.656e-10,0.0,0.004,3
2548624000,2548620000,0.749,0.002,0.001,0.662,0.999,-4.656e-10,0.0,0.004,3
2548724000,2548720000,0.749,0.002,0.001,0.662,0.999,-4.656e-10,0.0,0.004,3
2548824000,2548820000,0.749,0.002,0.002,0.662,0.999,-4.656e-10,0.0,0.004,3
2548924000,2548920000,0.749,0.002,0.002,0.662,0.999,-4.656e-10,0.0,0.004,3
2549024000,2549020000,0.749,0.002,0.002,0.662,0.999,-4.656e-10,0.0,0.004,3
2549124000,2549120000,0.749,0.003,0.003,0.662,0.999,-4.656e-10,0.0,0.004,3
2549224000,2549220000,0.749,0.003,0.003,0.662,0.999,-4.656e-10,0.0,0.004,3
2549324000,2549320000,0.749,0.003,0.003,0.662,0.999,-4.656e-10,0.0,0.004,3
2549424000,2549420000,0.749,0.003,0.003,0.662,0.999,-4.656e-10,0.0,0.004,3
2549524000,2549520000,0.749,0.003,0.003,0.662,0.999,-4.656e-10,0.0,0.004,3
2549624000,2549620000,0.749,0.003,0.003,0.662,0.999,-4.656e-10,0.0,0.004,3
2549724000,2549720000,0.749,0.003,0.003,0.662,0.999,-4.656e-10,0.0,0.004,3
2549824000,2549820000,0.749,0.003,0.003,0.662,0.999,-4.656e-10,0.0,0.004,3
2549924000,2549920000,0.749,0.003,0.003,0.662,0.999,-4.656e-10,0.0,0.004,3
2550024000,2550020000,0.749,0.003,0.003,0.662,0.999,-4.656e-10,0.0,0.004,3
2550124000,2550120000,0.749,0.003,0.003,0.662,0.999,-4.656e-10,0.0,0.004,3
2550224000,2550220000,0.749,0.003,0.003,0.662,0.999,-4.656e-10,0.0,0.004,3
2550324000,2550320000,0.749,0.003,0.003,0.662,0.999,-4.656e-10,0.0,0.004,3
2550424000,2550420000,0.749,0.003,0.003,0.662,0.999,-4.656e-10,0.0,0.004,3
2550524000,2550520000,0.748,0.003,0.003,0.662,0.999,-4.656e-10,0.0,0.004,3
2550624000,2550620000,0.749,0.003,0.003,0.662,0.999,-4.656e-10,0.0,0.004,3
2550724000,2550720000,0.749,0.003,0.003,0.662,0.999,-4.656e-10,0.0,0.004,3
2550824000,2550820000,0.749,0.003,0.003,0.662,0.999,-4.656e-10,0.0,0.004,3
2550924000,2550920000,0.749,0.003,0.003,0.662,0.999,-4.656e-10,0.0,0.004,3
2551024000,2551020000,0.749,0.003,0.003,0.662,0.999,-4.656e-10,0.0,0.004,3
2551124000,2551120000,0.749,0.003,0.003,0.662,0.999,-4.656e-10,0.0,0.004,3
2551224000,2551220000,0.749,0.003,0.003,0.662,0.999,-4.656e-10,0.0,0.004,3
2551324000,2551320000,0.749,0.003,0.003,0.662,0.999,-4.656e-10,0.0,0.004,3
2551424000,2551420000,0.749,0.004,0.003,0.662,0.999,-4.656e-10,0.0,0.004,3
2551524000,2551520000,0.749,0.004,0.003,0.662,0.999,-4.656e-10,0.0,0.004,3
2551624000,2551620000,0.749,0.004,0.003,0.662,0.999,-4.656e-10,0.0,0.004,3
2551724000,2551720000,0.749,0.004,0.003,0.662,0.999,-4.656e-10,0.0,0.004,3
2551824000,2551820000,0.749,0.004,0.004,0.662,0.999,-4.656e-10,0.0,0.004,3
2551924000,2551920000,0.749,0.004,0.004,0.662,0.999,-4.656e-10,0.0,0.004,3
2552024000,2552020000,0.749,0.004,0.004,0.662,0.999,-4.656e-10,0.0,0.004,3
2552124000,2552120000,0.749,0.004,0.004,0.662,0.999,-4.656e-10,0.0,0.004,3
2552224000,2552220000,0.749,0.004,0.004,0.662,0.999,-4.656e-10,0.0,0.004,3
2552324000,2552320000,0.749,0.004,0.005,0.662,0.999,-4.656e-10,0.0,0.004,3
2552424000,2552420000,0.749,0.004,0.005,0.662,0.999,-4.656e-10,0.0,0.004,3
2552524000,2552520000,0.749,0.004,0.005,0.662,0.999,-4.656e-10,0.0,0.004,3
2552624000,2552620000,0.749,0.004,0.005,0.662,0.999,-4.656e-10,0.0,0.004,3
2552724000,2552720000,0.749,0.004,0.005,0.662,0.999,-4.656e-10,0.0,0.004,3
2552824000,2552820000,0.749,0.004,0.005,0.662,0.999,-4.656e-10,0.0,0.004,3
2552924000,2552920000,0.749,0.004,0.005,0.662,0.999,-4.656e-10,0.0,0.004,3
2553024000,2553020000,0.749,0.005,0.005,0.662,0.999,-4.656e-10,0.0,0.004,3
2553124000,2553120000,0.749,0.005,0.005,0.662,0.999,-4.656e-10,0.0,0.004,3
2553224000,2553220000,0.748,0.004,0.005,0.662,0.999,-4.656e-10,0.0,0.004,3
2553324000,2553320000,0.748,0.004,0.005,0.662,0.999,-4.656e-10,0.0,0.004,3
2553424000,2553420000,0.749,0.004,0.005,0.662,0.999,-4.656e-10,0.0,0.004,3
2553524000,2553520000,0.749,0.004,0.005,0.662,0.999,-4.656e-10,0.0,0.004,3
2553624000,2553620000,0.749,0.004,0.005,0.662,0.999,-4.656e-10,0.0,0.004,3
2553724000,2553720000,0.749,0.004,0.005,0.662,0.999,-4.656e-10,0.0,0.004,3
2553824000,2553820000,0.749,0.004,0.005,0.662,0.999,-4.656e-10,0.0,0.004,3
2553924000,2553920000,0.749,0.004,0.005,0.662,0.999,-4.656e-10,0.0,0.004,3
2554024000,2554020000,0.749,0.004,0.005,0.662,0.999,-4.656e-10,0.0,0.004,3
2554124000,2554120000,0.749,0.004,0.005,0.662,0.999,-4.656e-10,0.0,0.004,3
2554224000,2554220000,0.749,0.005,0.005,0.662,0.999,-4.656e-10,0.0,0.004,3
2554324000,2554320000,0.749,0.005,0.005,0.662,0.999,-4.656e-10,0.0,0.004,3
2554424000,2554420000,0.749,0.005,0.005,0.662,0.999,-4.656e-10,0.0,0.004,3
2554524000,2554520000,0.749,0.005,0.005,0.662,0.999,-4.656e-10,0.0,0.004,3
2554624000,2554620000,0.749,0.005,0.006,0.662,0.999,-4.656e-10,0.0,0.004,3
2554724000,2554720000,0.749,0.005,0.006,0.662,0.999,-4.656e-10,0.0,0.004,3
2554824000,2554820000,0.749,0.005,0.006,0.662,0.999,-4.656e-10,0.0,0.004,3
2554924000,2554920000,0.749,0.005,0.006,0.662,0.999,-4.656e-10,0.0,0.004,3
2555024000,2555020000,0.749,0.005,0.006,0.662,0.999,-4.656e-10,0.0,0.004,3
2555124000,2555120000,0.749,0.005,0.006,0.662,0.999,-4.656e-10,0.0,0.004,3
2555224000,2555220000,0.749,0.005,0.006,0.662,0.999,-4.656e-10,0.0,0.004,3
2555324000,2555320000,0.749,0.005,0.006,0.662,0.999,-4.656e-10,0.0,0.004,3
2555424000,2555420000,0.749,0.005,0.007,0.662,0.999,-4.656e-10,0.0,0.004,3
2555524000,2555520000,0.749,0.005,0.007,0.662,0.999,-4.656e-10,0.0,0.004,3
2555624000,2555620000,0.749,0.005,0.007,0.662,0.999,-4.656e-10,0.0,0.004,3
2555724000,2555720000,0.749,0.005,0.007,0.662,0.999,-4.656e-10,0.0,0.004,3
2555824000,2555820000,0.749,0.005,0.007,0.662,0.999,-4.656e-10,0.0,0.004,3
2555924000,2555920000,0.749,0.005,0.007,0.662,0.999,-4.656e-10,0.0,0.004,3
2556024000,2556020000,0.749,0.005,0.007,0.662,0.999,-4.656e-10,0.0,0.004,3
2556124000,2556120000,0.749,0.005,0.007,0.662,0.999,-4.656e-10,0.0,0.004,3
2556224000,2556220000,0.749,0.006,0.007,0.662,0.999,-4.656e-10,0.0,0.004,3
2556324000,2556320000,0.749,0.006,0.007,0.662,0.999,-4.656e-10,0.0,0.004,3
2556424000,2556420000,0.749,0.006,0.007,0.662,0.999,-4.656e-10,0.0,0.004,3
2556524000,2556520000,0.749,0.006,0.007,0.662,0.999,-4.656e-10,0.0,0.004,3
2556624000,2556620000,0.749,0.006,0.007,0.662,0.999,-4.656e-10,0.0,0.004,3
2556724000,2556720000,0.749,0.006,0.006,0.662,0.999,-4.656e-10,0.0,0.004,3
2556824000,2556820000,0.749,0.006,0.006,0.662,0.999,-4.656e-10,0.0,0.004,3
2556924000,2556920000,0.749,0.006,0.006,0.662,0.999,-4.656e-10,0.0,0.004,3
2557024000,2557020000,0.748,0.005,0.006,0.662,0.999,-4.656e-10,0.0,0.004,3
2557124000,2557120000,0.748,0.005,0.006,0.662,0.999,-4.656e-10,0.0,0.004,3
2557224000,2557220000,0.748,0.005,0.006,0.662,0.999,-4.656e-10,0.0,0.004,3
2557324000,2557320000,0.748,0.005,0.005,0.662,0.999,-4.656e-10,0.0,0.004,3
2557424000,2557420000,0.748,0.005,0.005,0.662,0.999,-4.656e-10,0.0,0.004,3
2557524000,2557520000,0.748,0.005,0.005,0.662,0.999,-4.656e-10,0.0,0.004,3
2557624000,2557620000,0.749,0.005,0.005,0.662,0.999,-4.656e-10,0.0,0.004,3
2557724000,2557720000,0.749,0.005,0.004,0.662,0.999,-4.656e-10,0.0,0.004,3
2557824000,2557820000,0.749,0.005,0.004,0.662,0.999,-4.656e-10,0.0,0.004,3
2557924000,2557920000,0.749,0.005,0.004,0.662,0.999,-4.656e-10,0.0,0.004,3
2558024000,2558020000,0.749,0.005,0.004,0.662,0.999,-4.656e-10,0.0,0.004,3
2558124000,2558120000,0.749,0.005,0.004,0.662,0.999,-4.656e-10,0.0,0.004,3
2558224000,2558220000,0.749,0.005,0.004,0.662,0.999,-4.656e-10,0.0,0.004,3
2558324000,2558320000,0.749,0.005,0.004,0.662,0.999,-4.656e-10,0.0,0.004,3
2558424000,2558420000,0.749,0.005,0.004,0.662,0.999,-4.656e-10,0.0,0.004,3
2558524000,2558520000,0.749,0.005,0.004,0.662,0.999,-4.656e-10,0.0,0.004,3
2558624000,2558620000,0.749,0.005,0.004,0.662,0.999,-4.656e-10,0.0,0.004,3
2558724000,2558720000,0.749,0.005,0.004,0.662,0.999,-4.656e-10,0.0,0.004,3
2558824000,2558820000,0.749,0.005,0.004,0.662,0.999,-4.656e-10,0.0,0.004,3
2558924000,2558920000,0.749,0.005,0.004,0.662,0.999,-4.656e-10,0.0,0.004,3
2559024000,2559020000,0.749,0.005,0.004,0.662,0.999,-4.656e-10,0.0,0.004,3
2559124000,2559120000,0.749,0.005,0.005,0.662,0.999,-4.656e-10,0.0,0.004,3
2559224000,2559220000,0.749,0.005,0.005,0.662,0.999,-4.656e-10,0.0,0.004,3
2559324000,2559320000,0.749,0.005,0.005,0.662,0.999,-4.656e-10,0.0,0.004,3
2559424000,2559420000,0.749,0.005,0.005,0.662,0.999,-4.656e-10,0.0,0.004,3
2559524000,2559520000,0.749,0.005,0.005,0.662,0.999,-4.656e-10,0.0,0.004,3
2559624000,2559620000,0.749,0.005,0.005,0.662,0.999,-4.656e-10,0.0,0.004,3
2559724000,2559720000,0.748,0.005,0.005,0.662,0.999,-4.656e-10,0.0,0.004,3
2559824000,2559820000,0.748,0.005,0.005,0.662,0.999,-4.656e-10,0.0,0.004,3
2559924000,2559920000,0.748,0.005,0.005,0.662,0.999,-4.656e-10,0.0,0.004,3
2560024000,2560020000,0.748,0.004,0.005,0.662,0.999,-4.656e-10,0.0,0.004,3
2560124000,2560120000,0.748,0.004,0.005,0.662,0.999,-4.656e-10,0.0,0.004,3
2560224000,2560220000,0.749,0.004,0.005,0.662,0.999,-4.656e-10,0.0,0.004,3
2560324000,2560320000,0.749,0.004,0.005,0.662,0.999,-4.656e-10,0.0,0.004,3
2560424000,2560420000,0.749,0.004,0.004,0.662,0.999,-4.656e-10,0.0,0.004,3
2560524000,2560520000,0.749,0.003,0.004,0.662,0.999,-4.656e-10,0.0,0.004,3
2560624000,2560620000,0.749,0.003,0.004,0.662,0.999,-4.656e-10,0.0,0.004,3
2560724000,2560720000,0.749,0.003,0.004,0.662,0.999,-4.656e-10,0.0,0.004,3
2560824000,2560820000,0.749,0.004,0.004,0.662,0.999,-4.656e-10,0.0,0.004,3
2560924000,2560920000,0.749,0.004,0.004,0.662,0.999,-4.656e-10,0.0,0.004,3
2561024000,2561020000,0.749,0.004,0.004,0.662,0.999,-4.656e-10,0.0,0.004,3
2561124000,2561120000,0.749,0.004,0.004,0.662,0.999,-4.656e-10,0.0,0.004,3
2561224000,2561220000,0.749,0.004,0.004,0.662,0.999,-4.656e-10,0.0,0.004,3
2561324000,2561320000,0.749,0.005,0.004,0.662,0.999,-4.656e-10,0.0,0.004,3
2561424000,2561420000,0.749,0.005,0.004,0.662,0.999,-4.656e-10,0.0,0.004,3
2561524000,2561520000,0.749,0.005,0.004,0.662,0.999,-4.656e-10,0.0,0.004,3
2561624000,2561620000,0.749,0.005,0.004,0.662,0.999,-4.656e-10,0.0,0.004,3
2561724000,2561720000,0.749,0.006,0.004,0.662,0.999,-4.656e-10,0.0,0.004,3
2561824000,2561820000,0.749,0.006,0.004,0.662,0.999,-4.656e-10,0.0,0.004,3
2561924000,2561920000,0.749,0.006,0.004,0.662,0.999,-4.656e-10,0.0,0.004,3
2562024000,2562020000,0.749,0.006,0.004,0.662,0.999,-4.656e-10,0.0,0.004,3
2562124000,2562120000,0.749,0.006,0.005,0.662,0.999,-4.656e-10,0.0,0.004,3
2562224000,2562220000,0.749,0.006,0.005,0.662,0.999,-4.656e-10,0.0,0.004,3
2562324000,2562320000,0.748,0.006,0.005,0.662,0.999,-4.656e-10,0.0,0.004,3
2562424000,2562420000,0.748,0.006,0.005,0.662,0.999,-4.656e-10,0.0,0.004,3
2562524000,2562520000,0.748,0.006,0.005,0.662,0.999,-4.656e-10,0.0,0.004,3
2562624000,2562620000,0.748,0.006,0.006,0.662,0.999,-4.656e-10,0.0,0.004,3
2562724000,2562720000,0.748,0.006,0.006,0.662,0.999,-4.656e-10,0.0,0.004,3
2562824000,2562820000,0.749,0.006,0.006,0.662,0.999,-4.656e-10,0.0,0.004,3
2562924000,2562920000,0.749,0.006,0.006,0.662,0.999,-4.656e-10,0.0,0.004,3
2563024000,2563020000,0.749,0.006,0.006,0.662,0.999,-4.656e-10,0.0,0.004,3
2563124000,2563120000,0.749,0.006,0.006,0.662,0.999,-4.656e-10,0.0,0.004,3
2563224000,2563220000,0.749,0.006,0.006,0.662,0.999,-4.656e-10,0.0,0.004,3
2563324000,2563320000,0.749,0.006,0.006,0.662,0.999,-4.656e-10,0.0,0.004,3
2563424000,2563420000,0.749,0.005,0.006,0.662,0.999,-4.656e-10,0.0,0.004,3
2563524000,2563520000,0.749,0.005,0.006,0.662,0.999,-4.656e-10,0.0,0.004,3
2563624000,2563620000,0.749,0.005,0.006,0.662,0.999,-4.656e-10,0.0,0.004,3
2563724000,2563720000,0.749,0.005,0.005,0.662,0.999,-4.656e-10,0.0,0.004,3
2563824000,2563820000,0.749,0.005,0.005,0.662,0.999,-4.656e-10,0.0,0.004,3
2563924000,2563920000,0.749,0.005,0.005,0.662,0.999,-4.656e-10,0.0,0.004,3
2564024000,2564020000,0.749,0.005,0.005,0.662,0.999,-4.656e-10,0.0,0.004,3
2564124000,2564120000,0.749,0.005,0.005,0.662,0.999,-4.656e-10,0.0,0.004,3
2564224000,2564220000,0.749,0.005,0.005,0.662,0.999,-4.656e-10,0.0,0.004,3
2564324000,2564320000,0.749,0.005,0.005,0.662,0.999,-4.656e-10,0.0,0.004,3
2564424000,2564420000,0.749,0.005,0.005,0.662,0.999,-4.656e-10,0.0,0.004,3
2564524000,2564520000,0.749,0.005,0.005,0.662,0.999,-4.656e-10,0.0,0.004,3
2564624000,2564620000,0.749,0.005,0.005,0.662,0.999,-4.656e-10,0.0,0.004,3
2564724000,2564720000,0.749,0.005,0.005,0.661,0.999,-4.656e-10,0.0,0.004,3
2564824000,2564820000,0.749,0.005,0.005,0.661,0.999,-4.656e-10,0.0,0.004,3
2564924000,2564920000,0.749,0.005,0.005,0.661,0.999,-4.656e-10,0.0,0.004,3
2565024000,2565020000,0.749,0.005,0.005,0.661,0.999,-4.656e-10,0.0,0.004,3
2565124000,2565120000,0.749,0.005,0.005,0.661,0.999,-4.656e-10,0.0,0.004,3
2565224000,2565220000,0.749,0.005,0.005,0.661,0.999,-4.656e-10,0.0,0.004,3
2565324000,2565320000,0.749,0.005,0.005,0.661,0.999,-4.656e-10,0.0,0.004,3
2565424000,2565420000,0.749,0.005,0.005,0.661,0.999,-4.656e-10,0.0,0.004,3
2565524000,2565520000,0.749,0.005,0.005,0.661,0.999,-4.656e-10,0.0,0.004,3
2565624000,2565620000,0.749,0.005,0.005,0.661,0.999,-4.656e-10,0.0,0.004,3
2565724000,2565720000,0.749,0.005,0.005,0.661,0.999,-4.656e-10,0.0,0.004,3
2565824000,2565820000,0.749,0.005,0.005,0.661,0.999,-4.656e-10,0.0,0.004,3
2565924000,2565920000,0.749,0.005,0.005,0.661,0.999,-4.656e-10,0.0,0.004,3
2566024000,2566020000,0.749,0.005,0.005,0.661,0.999,-4.656e-10,0.0,0.004,3
2566124000,2566120000,0.749,0.005,0.005,0.661,0.999,-4.656e-10,0.0,0.004,3
2566224000,2566220000,0.749,0.005,0.005,0.661,0.999,-4.656e-10,0.0,0.004,3
2566324000,2566320000,0.749,0.005,0.005,0.661,0.999,-4.656e-10,0.0,0.004,3
2566424000,2566420000,0.749,0.005,0.005,0.661,0.999,-4.656e-10,0.0,0.004,3
2566524000,2566520000,0.749,0.005,0.005,0.661,0.999,-4.656e-10,0.0,0.004,3
2566624000,2566620000,0.749,0.005,0.005,0.661,0.999,-4.656e-10,0.0,0.004,3
2566724000,2566720000,0.749,0.005,0.005,0.661,0.999,-4.656e-10,0.0,0.004,3
2566824000,2566820000,0.749,0.005,0.005,0.661,0.999,-4.656e-10,0.0,0.004,3
2566924000,2566920000,0.749,0.005,0.005,0.661,0.999,-4.656e-10,0.0,0.004,3
2567024000,2567020000,0.749,0.005,0.005,0.661,0.999,-4.656e-10,0.0,0.004,3
2567124000,2567120000,0.749,0.005,0.005,0.661,0.999,-4.656e-10,0.0,0.004,3
2567224000,2567220000,0.749,0.005,0.005,0.661,0.999,-4.656e-10,0.0,0.004,3
2567324000,2567320000,0.749,0.005,0.005,0.661,0.999,-4.656e-10,0.0,0.004,3
2567424000,2567420000,0.749,0.005,0.005,0.661,0.999,-4.656e-10,0.0,0.004,3
2567524000,2567520000,0.749,0.005,0.005,0.661,0.999,-4.656e-10,0.0,0.004,3
2567624000,2567620000,0.749,0.005,0.005,0.661,0.999,-4.656e-10,0.0,0.004,3
2567724000,2567720000,0.746,0.005,0.005,0.665,0.999,4.656e-10,9.313e-10,0.004,4
2567824000,2567820000,0.746,0.005,0.005,0.665,0.999,4.656e-10,9.313e-10,0.004,4
2567924000,2567920000,0.746,0.005,0.005,0.665,0.999,4.656e-10,9.313e-10,0.004,4
2568024000,2568020000,0.746,0.004,0.005,0.665,0.999,4.656e-10,9.313e-10,0.004,4
2568124000,2568120000,0.746,0.004,0.005,0.665,0.999,4.656e-10,9.313e-10,0.004,4
2568224000,2568220000,0.746,0.004,0.005,0.664,0.999,4.656e-10,9.313e-10,0.004,4
2568324000,2568320000,0.746,0.004,0.005,0.664,0.999,4.656e-10,9.313e-10,0.004,4
2568424000,2568420000,0.746,0.004,0.005,0.664,0.999,4.656e-10,9.313e-10,0.004,4
