timestamp,flag_armed,flag_multicopter_position_control_enabled,flag_control_manual_enabled,flag_control_auto_enabled,flag_control_offboard_enabled,flag_control_position_enabled,flag_control_velocity_enabled,flag_control_altitude_enabled,flag_control_climb_rate_enabled,flag_control_acceleration_enabled,flag_control_attitude_enabled,flag_control_rates_enabled,flag_control_allocation_enabled,flag_control_termination_enabled,source_id
1204720000,1,1,1,0,0,1,1,1,1,0,1,1,1,0,0
1205224000,1,1,1,0,0,1,1,1,1,0,1,1,1,0,0
1205728000,1,1,1,0,0,1,1,1,1,0,1,1,1,0,0
1206232000,1,1,1,0,0,1,1,1,1,0,1,1,1,0,0
1206736000,1,1,1,0,0,1,1,1,1,0,1,1,1,0,0
1207240000,1,1,1,0,0,1,1,1,1,0,1,1,1,0,0
1207744000,1,1,1,0,0,1,1,1,1,0,1,1,1,0,0
1208248000,1,1,1,0,0,1,1,1,1,0,1,1,1,0,0
1208752000,1,1,1,0,0,1,1,1,1,0,1,1,1,0,0
1209256000,1,1,1,0,0,1,1,1,1,0,1,1,1,0,0
1209760000,1,1,1,0,0,1,1,1,1,0,1,1,1,0,0
1210264000,1,1,1,0,0,1,1,1,1,0,1,1,1,0,0
1210768000,1,1,1,0,0,1,1,1,1,0,1,1,1,0,0
1211272000,1,1,1,0,0,1,1,1,1,0,1,1,1,0,0
1211776000,1,1,1,0,0,1,1,1,1,0,1,1,1,0,0
1212280000,1,1,1,0,0,1,1,1,1,0,1,1,1,0,0
1212784000,1,1,1,0,0,1,1,1,1,0,1,1,1,0,0
1213288000,1,1,1,0,0,1,1,1,1,0,1,1,1,0,0
1213792000,1,1,1,0,0,1,1,1,1,0,1,1,1,0,0
1214296000,1,1,1,0,0,1,1,1,1,0,1,1,1,0,0
1214800000,1,1,1,0,0,1,1,1,1,0,1,1,1,0,0
1215304000,1,1,1,0,0,1,1,1,1,0,1,1,1,0,0
1215808000,1,1,1,0,0,1,1,1,1,0,1,1,1,0,0
1216312000,1,1,1,0,0,1,1,1,1,0,1,1,1,0,0
1216816000,1,1,1,0,0,1,1,1,1,0,1,1,1,0,0
1217320000,1,1,1,0,0,1,1,1,1,0,1,1,1,0,0
1217824000,1,1,1,0,0,1,1,1,1,0,1,1,1,0,0
1218328000,1,1,1,0,0,1,1,1,1,0,1,1,1,0,0
1218832000,1,1,1,0,0,1,1,1,1,0,1,1,1,0,0
1219336000,1,1,1,0,0,1,1,1,1,0,1,1,1,0,0
1219840000,1,1,1,0,0,1,1,1,1,0,1,1,1,0,0
1220344000,1,1,1,0,0,1,1,1,1,0,1,1,1,0,0
1220848000,1,1,1,0,0,1,1,1,1,0,1,1,1,0,0
1221352000,1,1,1,0,0,1,1,1,1,0,1,1,1,0,0
1221856000,1,1,1,0,0,1,1,1,1,0,1,1,1,0,0
1222360000,1,1,1,0,0,1,1,1,1,0,1,1,1,0,0
1222864000,1,1,1,0,0,1,1,1,1,0,1,1,1,0,0
1223368000,1,1,1,0,0,1,1,1,1,0,1,1,1,0,0
1223872000,1,1,1,0,0,1,1,1,1,0,1,1,1,0,0
1224376000,1,1,1,0,0,1,1,1,1,0,1,1,1,0,0
1224880000,1,1,1,0,0,1,1,1,1,0,1,1,1,0,0
1225384000,1,1,1,0,0,1,1,1,1,0,1,1,1,0,0
1225888000,1,1,1,0,0,1,1,1,1,0,1,1,1,0,0
1226392000,1,1,1,0,0,1,1,1,1,0,1,1,1,0,0
1226896000,1,1,1,0,0,1,1,1,1,0,1,1,1,0,0
1227400000,1,1,1,0,0,1,1,1,1,0,1,1,1,0,0
1227904000,1,1,1,0,0,1,1,1,1,0,1,1,1,0,0
1228408000,1,1,1,0,0,1,1,1,1,0,1,1,1,0,0
1228912000,1,1,1,0,0,1,1,1,1,0,1,1,1,0,0
1229416000,1,1,1,0,0,1,1,1,1,0,1,1,1,0,0
1229920000,1,1,1,0,0,1,1,1,1,0,1,1,1,0,0
1230424000,1,1,1,0,0,1,1,1,1,0,1,1,1,0,0
1230928000,1,1,1,0,0,1,1,1,1,0,1,1,1,0,0
1231432000,1,1,1,0,0,1,1,1,1,0,1,1,1,0,0
1231936000,1,1,1,0,0,1,1,1,1,0,1,1,1,0,0
1232440000,1,1,1,0,0,1,1,1,1,0,1,1,1,0,0
1232944000,1,1,1,0,0,1,1,1,1,0,1,1,1,0,0
1233448000,1,1,1,0,0,1,1,1,1,0,1,1,1,0,0
1233952000,1,1,1,0,0,1,1,1,1,0,1,1,1,0,0
1234456000,1,1,1,0,0,1,1,1,1,0,1,1,1,0,0
1234960000,1,1,1,0,0,1,1,1,1,0,1,1,1,0,0
1235272000,1,1,1,0,0,1,1,1,1,0,1,1,1,0,0
1235788000,1,1,1,0,0,0,0,1,1,0,1,1,1,0,0
1236292000,1,1,1,0,0,0,0,1,1,0,1,1,1,0,0
1236796000,1,1,1,0,0,0,0,1,1,0,1,1,1,0,0
1237300000,1,1,1,0,0,0,0,1,1,0,1,1,1,0,0
1237804000,1,1,1,0,0,0,0,1,1,0,1,1,1,0,0
1238308000,1,1,1,0,0,0,0,1,1,0,1,1,1,0,0
1238812000,1,1,1,0,0,0,0,1,1,0,1,1,1,0,0
1239316000,1,1,1,0,0,0,0,1,1,0,1,1,1,0,0
1239820000,1,1,1,0,0,0,0,1,1,0,1,1,1,0,0
1240324000,1,1,1,0,0,0,0,1,1,0,1,1,1,0,0
1240828000,1,1,1,0,0,0,0,1,1,0,1,1,1,0,0
1241332000,1,1,1,0,0,0,0,1,1,0,1,1,1,0,0
1241836000,1,1,1,0,0,0,0,1,1,0,1,1,1,0,0
1242340000,1,1,1,0,0,0,0,1,1,0,1,1,1,0,0
1242844000,1,1,1,0,0,0,0,1,1,0,1,1,1,0,0
1243348000,1,1,1,0,0,0,0,1,1,0,1,1,1,0,0
1243852000,1,1,1,0,0,0,0,1,1,0,1,1,1,0,0
1244356000,1,1,1,0,0,0,0,1,1,0,1,1,1,0,0
1244860000,1,1,1,0,0,0,0,1,1,0,1,1,1,0,0
1245364000,1,1,1,0,0,0,0,1,1,0,1,1,1,0,0
1245868000,1,1,1,0,0,0,0,1,1,0,1,1,1,0,0
1246372000,1,1,1,0,0,0,0,1,1,0,1,1,1,0,0
1246876000,1,1,1,0,0,0,0,1,1,0,1,1,1,0,0
1247380000,1,1,1,0,0,0,0,1,1,0,1,1,1,0,0
1247884000,1,1,1,0,0,0,0,1,1,0,1,1,1,0,0
1248388000,1,1,1,0,0,0,0,1,1,0,1,1,1,0,0
1248892000,1,1,1,0,0,0,0,1,1,0,1,1,1,0,0
1249396000,1,1,1,0,0,0,0,1,1,0,1,1,1,0,0
1249900000,1,1,1,0,0,0,0,1,1,0,1,1,1,0,0
1250404000,1,1,1,0,0,0,0,1,1,0,1,1,1,0,0
1250908000,1,1,1,0,0,0,0,1,1,0,1,1,1,0,0
1251412000,1,1,1,0,0,0,0,1,1,0,1,1,1,0,0
1251916000,1,1,1,0,0,0,0,1,1,0,1,1,1,0,0
1252420000,1,1,1,0,0,0,0,1,1,0,1,1,1,0,0
1252924000,1,1,1,0,0,0,0,1,1,0,1,1,1,0,0
1253428000,1,1,1,0,0,0,0,1,1,0,1,1,1,0,0
1253932000,1,1,1,0,0,0,0,1,1,0,1,1,1,0,0
1254436000,1,1,1,0,0,0,0,1,1,0,1,1,1,0,0
1254940000,1,1,1,0,0,0,0,1,1,0,1,1,1,0,0
1255444000,1,1,1,0,0,0,0,1,1,0,1,1,1,0,0
1255948000,1,1,1,0,0,0,0,1,1,0,1,1,1,0,0
1256452000,1,1,1,0,0,0,0,1,1,0,1,1,1,0,0
1256956000,1,1,1,0,0,0,0,1,1,0,1,1,1,0,0
1257460000,1,1,1,0,0,0,0,1,1,0,1,1,1,0,0
1257964000,1,1,1,0,0,0,0,1,1,0,1,1,1,0,0
1258468000,1,1,1,0,0,0,0,1,1,0,1,1,1,0,0
1258972000,1,1,1,0,0,0,0,1,1,0,1,1,1,0,0
1259476000,1,1,1,0,0,0,0,1,1,0,1,1,1,0,0
1260040000,1,1,1,0,0,1,1,1,1,0,1,1,1,0,0
1260544000,1,1,1,0,0,1,1,1,1,0,1,1,1,0,0
1261048000,1,1,1,0,0,1,1,1,1,0,1,1,1,0,0
1261552000,1,1,1,0,0,1,1,1,1,0,1,1,1,0,0
1262056000,1,1,1,0,0,1,1,1,1,0,1,1,1,0,0
1262560000,1,1,1,0,0,1,1,1,1,0,1,1,1,0,0
1263064000,1,1,1,0,0,1,1,1,1,0,1,1,1,0,0
1263568000,1,1,1,0,0,1,1,1,1,0,1,1,1,0,0
1264072000,1,1,1,0,0,1,1,1,1,0,1,1,1,0,0
1264576000,1,1,1,0,0,1,1,1,1,0,1,1,1,0,0
1265080000,1,1,1,0,0,1,1,1,1,0,1,1,1,0,0
1265584000,1,1,1,0,0,1,1,1,1,0,1,1,1,0,0
1266088000,1,1,1,0,0,1,1,1,1,0,1,1,1,0,0
1266592000,1,1,1,0,0,1,1,1,1,0,1,1,1,0,0
1267096000,1,1,1,0,0,1,1,1,1,0,1,1,1,0,0
1267600000,1,1,1,0,0,1,1,1,1,0,1,1,1,0,0
1268104000,1,1,1,0,0,1,1,1,1,0,1,1,1,0,0
1268608000,1,1,1,0,0,1,1,1,1,0,1,1,1,0,0
1269112000,1,1,1,0,0,1,1,1,1,0,1,1,1,0,0
1269616000,1,1,1,0,0,1,1,1,1,0,1,1,1,0,0
1270120000,1,1,1,0,0,1,1,1,1,0,1,1,1,0,0
1270624000,1,1,1,0,0,1,1,1,1,0,1,1,1,0,0
1271128000,1,1,1,0,0,1,1,1,1,0,1,1,1,0,0
1271632000,1,1,1,0,0,1,1,1,1,0,1,1,1,0,0
1272136000,1,1,1,0,0,1,1,1,1,0,1,1,1,0,0
1272640000,1,1,1,0,0,1,1,1,1,0,1,1,1,0,0
1273144000,1,1,1,0,0,1,1,1,1,0,1,1,1,0,0
1273648000,1,1,1,0,0,1,1,1,1,0,1,1,1,0,0
1274152000,1,1,1,0,0,1,1,1,1,0,1,1,1,0,0
1274656000,1,1,1,0,0,1,1,1,1,0,1,1,1,0,0
1275160000,1,1,1,0,0,1,1,1,1,0,1,1,1,0,0
1275664000,1,1,1,0,0,1,1,1,1,0,1,1,1,0,0
1276168000,1,1,1,0,0,1,1,1,1,0,1,1,1,0,0
1276672000,1,1,1,0,0,1,1,1,1,0,1,1,1,0,0
1277176000,1,1,1,0,0,1,1,1,1,0,1,1,1,0,0
1277680000,1,1,1,0,0,1,1,1,1,0,1,1,1,0,0
1278184000,1,1,1,0,0,1,1,1,1,0,1,1,1,0,0
1278688000,1,1,1,0,0,1,1,1,1,0,1,1,1,0,0
1279192000,1,1,1,0,0,1,1,1,1,0,1,1,1,0,0
1279696000,1,1,1,0,0,1,1,1,1,0,1,1,1,0,0
1280200000,1,1,1,0,0,1,1,1,1,0,1,1,1,0,0
1280704000,1,1,1,0,0,1,1,1,1,0,1,1,1,0,0
1281208000,1,1,1,0,0,1,1,1,1,0,1,1,1,0,0
1281712000,1,1,1,0,0,1,1,1,1,0,1,1,1,0,0
1282216000,1,1,1,0,0,1,1,1,1,0,1,1,1,0,0
1282720000,1,1,1,0,0,1,1,1,1,0,1,1,1,0,0
1283224000,1,1,1,0,0,1,1,1,1,0,1,1,1,0,0
1283728000,1,1,1,0,0,1,1,1,1,0,1,1,1,0,0
1284232000,1,1,1,0,0,1,1,1,1,0,1,1,1,0,0
1284736000,1,1,1,0,0,1,1,1,1,0,1,1,1,0,0
1285240000,1,1,1,0,0,1,1,1,1,0,1,1,1,0,0
1285744000,1,1,1,0,0,1,1,1,1,0,1,1,1,0,0
1286248000,1,1,1,0,0,1,1,1,1,0,1,1,1,0,0
1286752000,1,1,1,0,0,1,1,1,1,0,1,1,1,0,0
1287256000,1,1,1,0,0,1,1,1,1,0,1,1,1,0,0
1287760000,1,1,1,0,0,1,1,1,1,0,1,1,1,0,0
1288264000,1,1,1,0,0,1,1,1,1,0,1,1,1,0,0
1288768000,1,1,1,0,0,1,1,1,1,0,1,1,1,0,0
1289272000,1,1,1,0,0,1,1,1,1,0,1,1,1,0,0
1289776000,1,1,1,0,0,1,1,1,1,0,1,1,1,0,0
1290280000,1,1,1,0,0,1,1,1,1,0,1,1,1,0,0
1290784000,1,1,1,0,0,1,1,1,1,0,1,1,1,0,0
1291288000,1,1,1,0,0,1,1,1,1,0,1,1,1,0,0
1291792000,1,1,1,0,0,1,1,1,1,0,1,1,1,0,0
1292296000,1,1,1,0,0,1,1,1,1,0,1,1,1,0,0
1292800000,1,1,1,0,0,1,1,1,1,0,1,1,1,0,0
1293304000,1,1,1,0,0,1,1,1,1,0,1,1,1,0,0
1293808000,1,1,1,0,0,1,1,1,1,0,1,1,1,0,0
1294312000,1,1,1,0,0,1,1,1,1,0,1,1,1,0,0
1294816000,1,1,1,0,0,1,1,1,1,0,1,1,1,0,0
1295320000,1,1,1,0,0,1,1,1,1,0,1,1,1,0,0
1295824000,1,1,1,0,0,1,1,1,1,0,1,1,1,0,0
1296328000,1,1,1,0,0,1,1,1,1,0,1,1,1,0,0
1296832000,1,1,1,0,0,1,1,1,1,0,1,1,1,0,0
1297336000,1,1,1,0,0,1,1,1,1,0,1,1,1,0,0
1297840000,1,1,1,0,0,1,1,1,1,0,1,1,1,0,0
1298344000,1,1,1,0,0,1,1,1,1,0,1,1,1,0,0
1298872000,0,1,1,0,0,1,1,1,1,0,1,1,1,0,0
